use project2db;

TRUNCATE TABLE customer;
TRUNCATE TABLE address;
TRUNCATE TABLE inventory;
TRUNCATE TABLE invoice_item;
TRUNCATE TABLE sales_order;

SET FOREIGN_KEY_CHECKS = 0;
SET FOREIGN_KEY_CHECKS = 1;

CALL GenerateCustomerTableData();
CALL GenerateAddressTableData();
CALL GenerateInventoryTableData();
CALL GenerateInvoiceItemTableData();
CALL GeneratePhoneNumberTableData();
CALL GenerateSalesOrderTableData();

SELECT * FROM customer;
SELECT * FROM address;
SELECT * FROM inventory;
SELECT * FROM invoice_item;
SELECT * FROM phone_number;
SELECT * FROM sales_order;
SELECT 1;

DELIMITER $$
CREATE OR REPLACE PROCEDURE GenerateCustomerTableData()
BEGIN
INSERT INTO customer
    (user_id, username, password, first_name, last_name, email)
VALUES
    (1, 'krysford', 'RSwdDZWS', 'Peter', 'Okuneva', '12pa.halvorson@gmail.com'),
    (2, 'annuppe', 'NmiuCllW', 'Adam', 'Mosciski', 'anj61a.gibson@hotmail.com'),
    (3, 'lemrson', 'ujiY0yiQ', 'Sharita', 'Hammes', 'elwo84od.boyer@hotmail.com'),
    (4, 'javis', 'JelT1yV1', 'Jamal', 'Watsica', 'clemente65.pouros@gmail.com'),
    (5, 'lamoch', 'bclkSGcV', 'Bernardo', 'Pfeffer', 'vern74ia.dickinson@yahoo.com'),
    (6, 'kyrer', 'zbwX9gJq', 'Harmony', 'Halvorson', 'r96eta.schamberger@yahoo.com'),
    (7, 'vannka', 'vDHLDXRN', 'Verdie', 'Ryan', 'juds3on.streich@hotmail.com'),
    (8, 'ambhan', 'ZbP2ZEqQ', 'Ken', 'Senger', 'd65eangelo.beier@hotmail.com'),
    (9, 'alynin', '0ailNJRF', 'Tad', 'Ortiz', 'corin65na.marks@hotmail.com'),
    (10, 'elfsson', '2bb1Ersm', 'Romana', 'Schumm', 'lakie61sha.windler@gmail.com'),
    (11, 'cleocko', 'GYfJQN97', 'Sophia', 'Lueilwitz', 'j34amaal.nicolas@hotmail.com'),
    (12, 'roley', 'igXsOBlj', 'Ida', 'Collier', 'deandre.22denesik@yahoo.com'),
    (13, 'lvey', 'whkc6W1d', 'Alana', 'Pfeffer', '76stanton.rowe@gmail.com'),
    (14, 'ririch', '9oHkrbZ2', 'Sophia', 'Nikolaus', 'liane.hami42ll@yahoo.com'),
    (15, 'sbler', 'sUgInHHX', 'Loyce', 'Durgan', 'la74ra.hirthe@yahoo.com'),
    (16, 'adotte', 'QhCQf8Mi', 'Joni', 'Marquardt', 'guil39lermo.franecki@gmail.com'),
    (17, 'lisasch', 'GSEnv5xz', 'Sal', 'Stroman', 'donny.88ebert@hotmail.com'),
    (18, 'deliansen', 'HmxGiued', 'Anibal', 'Cummerata', 'gay7le.kerluke@hotmail.com'),
    (19, 'fantch', 'emAHNFjW', 'Danilo', 'Predovic', 'alvaro.schambe86rger@hotmail.com'),
    (20, 'chrimier', 'iUse6pdz', 'Jose', 'Upton', 's41tephanie.barton@gmail.com'),
    (21, 'miros', 'GNk1Zwq0', 'Jo', 'Kuvalis', 'moises.r75eichel@yahoo.com'),
    (22, 'raeman', 'jyRNLC6z', 'Gavin', 'Hackett', 'c22hery.koelpin@yahoo.com'),
    (23, 'brvis', 'M7vMMFyz', 'Junior', 'Lowe', 'l96andon.johnston@hotmail.com'),
    (24, 'gvis', '9TnJpum0', 'Mason', 'Emard', 'eugene3.kohler@hotmail.com'),
    (25, 'roswerth', 'tqzPnrx9', 'Fredrick', 'McKenzie', 'c67hery.koelpin@yahoo.com'),
    (26, 'maowski', 'RQ2maQOW', 'Lesley', 'Abshire', 'jordan.89barton@hotmail.com'),
    (27, 'nien', 'Fdyk6uqX', 'Denver', 'Streich', 'rigoberto.volkm61an@hotmail.com'),
    (28, 'jedner', 'uv3ARe8I', 'Elisha', 'Sipes', 'kin12g.rempel@yahoo.com'),
    (29, 'deilaus', 'BcSz2UxT', 'Shalonda', 'Bosco', 'mirian.swania21wski@hotmail.com'),
    (30, 'humbuardt', '7V3dobV9', 'Jonathan', 'OReilly', 'robin.doug94las@hotmail.com'),
    (31, 'phylwitz', 'mCKfrmp9', 'Refugio', 'Langosh', 'mi38nh.ferry@gmail.com'),
    (32, 'torich', 'v6RW0Zud', 'Alphonse', 'Gutkowski', 'beverlee.9schuster@yahoo.com'),
    (33, 'morson', 'GAaxazx9', 'Milford', 'Conn', 'cl45iff.hane@gmail.com'),
    (34, 'cristhell', 'LONUFLdt', 'Jennefer', 'Donnelly', 'el11i.gulgowski@yahoo.com'),
    (35, 'salert', 'lxfsjopP', 'Caterina', 'Kihn', 'jone.29carter@hotmail.com'),
    (36, 'revey', 'x2BmMwfr', 'Joshua', 'Borer', 'eldrid6ge.dubuque@yahoo.com'),
    (37, 'elhns', '6VeolhDP', 'Amber', 'Glover', '11nery.sporer@hotmail.com'),
    (38, 'elnreich', 'NsGwwNE8', 'Jani', 'Reynolds', 'freddy.20graham@gmail.com'),
    (39, 'anick', 'tsrVd15J', 'Sharita', 'Johnston', 'charlsi72e.bergnaum@gmail.com'),
    (40, 'tekshank', 'YAbKlfS8', 'Hollis', 'Rohan', 'billy13e.harvey@yahoo.com'),
    (41, 'amber', 'yRMS3zV7', 'Keiko', 'Lowe', '94haywood.ledner@hotmail.com'),
    (42, 'rafsco', 'g360yu3U', 'Tenisha', 'Bernier', 'giuseppina.cor95mier@yahoo.com'),
    (43, 'gasrunner', 'NT6c8Jvg', 'Dion', 'Hegmann', 'deangel4o.beier@hotmail.com'),
    (44, 'charirian', 'F6gO7mKW', 'Jeanie', 'Rolfson', '95hermina.weimann@hotmail.com'),
    (45, 'keown', 'Uf8pU9eN', 'Everette', 'Konopelski', '54leeann.mohr@yahoo.com'),
    (46, 'junsnat', 'kvCYMcJa', 'Collin', 'Larkin', 'noe14lla.mckenzie@gmail.com'),
    (47, 'fablier', '4EZiEWfg', 'Shiela', 'Kub', 'clevela17nd.robel@yahoo.com'),
    (48, 'ellkery', 'WY8LMDcW', 'Tory', 'Rolfson', 'e79lbert.lockman@hotmail.com'),
    (49, 'chriesik', 'ghdKrx6i', 'Jimmy', 'Ryan', 'nicol.t74oy@gmail.com'),
    (50, 'mers95asdet', 'tVnv7JLE', 'Austin', 'Lubowitz', '27amber.toy@gmail.com'),
    (51, 'erler', 'Fae7ftbR', 'Enrique', 'Skiles', '14pearlie.hermann@gmail.com'),
    (52, 'erwne', 'o5ualKA4', 'Louvenia', 'Schumm', 'dou51g.conn@gmail.com'),
    (53, 'lvis', '2lUU7AW8', 'Mikel', 'Strosin', 'frieda.dickin61son@gmail.com'),
    (54, 'deaerhar', 'CwCsHkxq', 'Mary', 'Sanford', 'kip.b94erge@gmail.com'),
    (55, 'kriamson', '5JInqegh', 'Julietta', 'Wilkinson', 'k26ristie.johnston@hotmail.com'),
    (56, 'kinncak', 'iZAv15CS', 'Kristofer', 'Cartwright', 'clinton.schin92ner@yahoo.com'),
    (57, 'finner', 'h5GUAtDx', 'Porsche', 'Cruickshank', 'j1olynn.paucek@gmail.com'),
    (58, 'amneva', 'cquK0Fnd', 'Ezra', 'Breitenberg', 'norbert17.hintz@gmail.com'),
    (59, 'carvis', 'vdHtYyti', 'Lashawnda', 'Bruen', 'ike.anders19on@gmail.com'),
    (60, 'samner', '8iQk4wiF', 'Manual', 'Kuphal', 'grove53r.welch@gmail.com'),
    (61, 'jaayn', 'z5yWFR2g', 'Bernardine', 'Ledner', 'da24nial.oberbrunner@yahoo.com'),
    (62, 'vaami', 'LFswuj9M', 'Max', 'Collier', 'sarita.jo47nes@yahoo.com'),
    (63, 'sherrich', 'KJcQm6Ts', 'Shalonda', 'Beer', 'c55hauncey.schimmel@yahoo.com'),
    (64, 'dunner', '616YfzWE', 'Edward', 'Kub', 'elwood.13boyer@hotmail.com'),
    (65, 'jampert', 'WNaDtN9m', 'Zina', 'Torphy', 'garth30.bruen@hotmail.com'),
    (66, 'mitcneva', 'DlLJ5qWH', 'Edgar', 'Johnson', 'n82athaniel.schiller@hotmail.com'),
    (67, 'chawski', 'wWxga0pH', 'Brett', 'Beier', 'camellia.b15orer@yahoo.com'),
    (68, 'josette', '3CehKjVD', 'Joey', 'Lakin', 'faustino.ku86hic@yahoo.com'),
    (69, 'jacock', 'ha1L1zHs', 'Christopher', 'Zemlak', 'm7arcos.grimes@yahoo.com'),
    (70, 'ledel', 'Y4lbm9Nr', 'Sang', 'Trantow', 'lemu51el.pouros@hotmail.com'),
    (71, 'canmin', '2O9j0iRT', 'Romeo', 'Grady', 'lucy.schn97eider@gmail.com'),
    (72, 'fidgan', 'xoCWHqPP', 'Nathan', 'Johnson', 'luna.runol69fsdottir@gmail.com'),
    (73, 'gaslaus', '5qRsQMY3', 'Soo', 'Bradtke', 'elias82.maggio@gmail.com'),
    (74, 'kendghlin', 'PrewJz8n', 'Nanci', 'Kutch', 'h76arlan.torp@yahoo.com'),
    (75, 'lil', 'yr0WLNF2', 'Jeanie', 'Padberg', 'gera6ld.connelly@yahoo.com'),
    (76, 'riller', 'sQMUCdyx', 'Mozell', 'Stoltenberg', 'shayne.hetti24nger@hotmail.com'),
    (77, 'donlls', 'TheJLPbV', 'Merrill', 'MacGyver', 'lorri36ne.ondricka@hotmail.com'),
    (78, 'willdner', 'UbjXHOIj', 'Laurence', 'Satterfield', 'bu80rton.stokes@gmail.com'),
    (79, 'tahal', 'wyRUFVkM', 'Ahmad', 'Mitchell', 'olim62pia.bins@hotmail.com'),
    (80, 'juein', 'ta78VM23', 'Damien', 'Crooks', 'clifton.he91rzog@hotmail.com'),
    (81, 'shrry', 'buCG2uwW', 'Fabian', 'Lang', '64emerita.beier@yahoo.com'),
    (82, 'markin', 'FbpUAhNA', 'Nolan', 'Dicki', 'babette.kshle62rin@yahoo.com'),
    (83, 'lamm', '2GwWK2sB', 'Everette', 'Schultz', 'clyde3.renner@yahoo.com'),
    (84, 'piending', 'c9gaI8EA', 'Doug', 'Larkin', 'rudy.80cronin@gmail.com'),
    (85, 'kasco', 'Nd161CNv', 'Amado', 'Hartmann', 'c83ornell.schaden@hotmail.com'),
    (86, 'ambrell', 'z54n1GL4', 'Debi', 'Bechtelar', 'mary.bartolet19ti@gmail.com'),
    (87, 'yehcote', '9vUTflal', 'Jenniffer', 'McKenzie', 'rhon22da.cole@hotmail.com'),
    (88, 'mer195sfest', 'otMujo0s', 'Kay', 'Waters', 'otilia.bai55ley@gmail.com'),
    (89, 'larunner', '65Phu6Bt', 'Antonia', 'Heidenreich', 'kristie.johns74ton@hotmail.com'),
    (90, 'juoky', 'WKu0gpBC', 'Josette', 'Mitchell', 'brant73.doyle@yahoo.com'),
    (91, 'ronyer', 'd5PNM2RU', 'Rogelio', 'Murphy', 'grady.2borer@gmail.com'),
    (92, 'maffer', 'CDeSz7tQ', 'Alejandro', 'Hirthe', 'vonnie.h27udson@yahoo.com'),
    (93, 'joaer', 'uDC1Drd5', 'Joey', 'Wintheiser', 'rigobe44rto.volkman@hotmail.com'),
    (94, 'janings', 'YncDQ8DM', 'Charline', 'Auer', '12clemente.pouros@gmail.com'),
    (95, 'auguder', 'PkAvJjm1', 'Herma', 'Goldner', 'orville.mur85ray@gmail.com'),
    (96, 'conami', 'd0hWrF23', 'Kassandra', 'Heaney', 'esteban.36gulgowski@hotmail.com'),
    (97, 'loser', 's7fPvNGu', 'Dominique', 'Boehm', 'fred48die.pagac@yahoo.com'),
    (98, 'kouardt', 'Yeq75ZxG', 'Josue', 'Schaden', 'dong.witt56ing@gmail.com'),
    (99, 'marunner', 'bD3csFvv', 'Mark', 'Leuschke', 'tawana.b55lick@gmail.com'),
    (100, 'chrifsson', 'ee0ZSrxI', 'Nida', 'Lubowitz', 'fr85eddie.pfeffer@gmail.com'),
    (101, 'betuer', '3VQOvmPI', 'Elvie', 'Kohler', 'tamesha5.kunde@gmail.com'),
    (102, 'calls', 'wBvStTei', 'Kalyn', 'Wunsch', 'c79olin.lind@hotmail.com'),
    (103, 'clotphy', '6KjGf9kX', 'Dayna', 'Wintheiser', 'deangelo.29jones@hotmail.com'),
    (104, 'orabler', '4xTqwhTO', 'Florrie', 'Kihn', 'chas.l54akin@yahoo.com'),
    (105, 'abewicz', 'ga9S5VXv', 'Carlo', 'Legros', 'holley.s91wift@hotmail.com'),
    (106, 'misnat', 'b1Uzm8RR', 'Sadye', 'Kunze', 'trev95or.bailey@gmail.com'),
    (107, 'mills', 'E48rXNGn', 'Edmond', 'Kuvalis', 'shaunte.wis5ozk@yahoo.com'),
    (108, 'aloen', 'kHoOhZI2', 'Yolando', 'Anderson', '83freddie.pagac@yahoo.com'),
    (109, 'sauen', 'Jm6gPbpP', 'Donovan', 'Vandervort', 'delmy.wucke21rt@yahoo.com'),
    (110, 'niub', 'YY4sHrcc', 'Tanya', 'Cruickshank', 'c24orie.pouros@gmail.com'),
    (111, 'trpel', 'lhx7QaSo', 'Jayme', 'Bode', 'desmond96.buckridge@gmail.com'),
    (112, 'amechner', 'ubp7KEU4', 'Charles', 'Spinka', 'do30llie.deckow@yahoo.com'),
    (113, 'jarller', 'j5M4GNo7', 'Kimberley', 'Kunze', 'jam47es.mckenzie@hotmail.com'),
    (114, 'claiger', 'MNZzN0rC', 'Lorena', 'Cole', 'jea95n.krajcik@gmail.com'),
    (115, 'auser', 'S1agvRrV', 'Wendell', 'Tillman', 'emmett.k0reiger@gmail.com'),
    (116, 'jekert', 'sfcaYb1w', 'Keiko', 'Hahn', '9chung.runolfsson@yahoo.com'),
    (117, 'beonis', 'waRC0odG', 'Geri', 'McGlynn', 'shaun94te.wisozk@yahoo.com'),
    (118, 'elfrridge', 'VUrUyILM', 'Lee', 'OHara', 'marc.hei63denreich@yahoo.com'),
    (119, 'elroll', 'ztKJjbw6', 'Lyle', 'West', 'kat29harine.price@hotmail.com'),
    (120, 'desster', 'DgapOCMk', 'Stefan', 'Conn', 'von.jac76obs@yahoo.com'),
    (121, 'sunsulke', 'hPLHccLM', 'Percy', 'Weissnat', 'syre80eta.wuckert@yahoo.com'),
    (122, 'cormin', 'UjTVLWpp', 'Chery', 'Wunsch', 'brett.j94askolski@gmail.com'),
    (123, 'franinson', 'QyARxw4i', 'Anamaria', 'Ernser', 'ch23auncey.becker@gmail.com'),
    (124, 'neclman', 'SjemEUip', 'Austin', 'Larson', 'jean.fr55itsch@hotmail.com'),
    (125, 'clarlch', '1u984cts', 'Riley', 'Donnelly', '95clint.klocko@yahoo.com'),
    (126, 'sydser', 'I89jFqsf', 'Ngan', 'Labadie', 'ma68rcus.heidenreich@hotmail.com'),
    (127, 'grlman', 'mJjeSbml', 'Giuseppina', 'Bradtke', 'samat1ha.hyatt@gmail.com'),
    (128, 'yston', 'kbk3AgUM', 'Emilie', 'Bins', 'n30ga.lakin@yahoo.com'),
    (129, 'adrzog', '7zKjNdn9', 'Lecia', 'Davis', 'bette.nikol22aus@gmail.com'),
    (130, 'sheger', 'SdKSpCxU', 'Lucien', 'Moen', 'venice.gle84ichner@yahoo.com'),
    (131, 'enrtelar', '3XX0DwN3', 'Percy', 'Boyer', 'terisa.54reinger@hotmail.com'),
    (132, 'lnn', 'zlPAMSU9', 'Renea', 'Pacocha', 'bobby.wit49ting@gmail.com'),
    (133, 'manon', 'dhGeSm7Q', 'Clay', 'Grant', 'elvis.48dach@gmail.com'),
    (134, 'chami', 'BsfR1dqu', 'Tam', 'Hills', 'nat96hanael.bogisich@hotmail.com'),
    (135, 'myrsack', 'CwOAodrk', 'Lupita', 'Ebert', 'j18ordan.barton@hotmail.com'),
    (136, 'edugren', 'wVbGM2Zs', 'Sal', 'Wehner', 'c86oy.bashirian@hotmail.com'),
    (137, 'kridge', 'tda7P1HY', 'Laurence', 'Hahn', 'shane20l.heidenreich@gmail.com'),
    (138, 'aurver', '6kzaqkxF', 'Jenna', 'Konopelski', 'darius.luett95gen@hotmail.com'),
    (139, 'myette', '6AwRf0ur', 'Soledad', 'Roberts', 'christie.ra43th@yahoo.com'),
    (140, 'curfson', 'F59oZaqZ', 'Kathlyn', 'Stark', 'min54h.ferry@gmail.com'),
    (141, 'hilhell', 'SkckEWpO', 'Sasha', 'Monahan', 'p0rince.kuphal@gmail.com'),
    (142, 'raara', 'Tu5zZHIk', 'Caron', 'Barrows', '53emilio.herzog@yahoo.com'),
    (143, 'donsette', 'tTLgCJ7t', 'Meagan', 'Ledner', 'tish.hilp37ert@hotmail.com'),
    (144, 'youch', 'B2nLCRNE', 'Kalyn', 'MacGyver', 'garth.bru59en@hotmail.com'),
    (145, 'jeles', 'YUSOPvqp', 'Barabara', 'Johnston', '87toby.yundt@yahoo.com'),
    (146, 'leiansen', 'D1FnDafI', 'Darrin', 'Wehner', 'carmeli32na.hammes@gmail.com'),
    (147, 'delrer', 'lNBOw74M', 'Kip', 'Schowalter', 'ja20ney.grimes@hotmail.com'),
    (148, 'kuer', 'qsscDpLj', 'Clarice', 'Marks', '7harry.lesch@gmail.com'),
    (149, 'alphley', 'kIYVz6k3', 'Chi', 'Larson', 'toshiko.66aufderhar@yahoo.com'),
    (150, 'sasel', 'qdjWW86Q', 'Cameron', 'Adams', 'm90ara.pfannerstill@yahoo.com'),
    (151, 'krysner', 'Yp4SgN6a', 'Margert', 'Mohr', 'ash27ley.heaney@yahoo.com'),
    (152, 'susacco', '99cgGSb6', 'Ardath', 'Lueilwitz', 'wes.35wilderman@gmail.com'),
    (153, 'shaller', 'ZBauDYd9', 'Gretchen', 'Kreiger', '96candace.koss@gmail.com'),
    (154, 'glelch', 'WQbkHnfX', 'Erasmo', 'Veum', 'ro41ry.mertz@yahoo.com'),
    (155, 'geraz', 'k13rGxp6', 'Cher', 'Runolfsson', 'keneth50.mraz@gmail.com'),
    (156, 'kuppe', 'KPvq87sY', 'Lloyd', 'Daniel', 'kendrick65.torp@gmail.com'),
    (157, 'adott', 'BR3C69xl', 'Coralee', 'Pfeffer', 'mario.kuhl12man@hotmail.com'),
    (158, 'coley', 'olFWTWkd', 'Margie', 'Rolfson', 'flo35rentina.dickens@gmail.com'),
    (159, 'adrson', 'A6XFxJ2A', 'Domonique', 'Cummings', 'fernande.98harris@hotmail.com'),
    (160, 'terrster', 'VjUryJwL', 'Edmond', 'Ankunding', 'jude45.kris@yahoo.com'),
    (161, 'twings', '0ZzvE2h7', 'Ernesto', 'Schuppe', 'ric3o.nolan@gmail.com'),
    (162, 'pesnat', 'trNupmbT', 'Emil', 'Miller', 'la28toya.becker@gmail.com'),
    (163, 'tezmann', '7sQYFhi6', 'Janyce', 'Bartoletti', 'jo94hn.tillman@gmail.com'),
    (164, 'micner', '9gBHq5lL', 'Barabara', 'Koepp', 'gayn17ell.goodwin@yahoo.com'),
    (165, 'milger', 'rkRin2K3', 'Claudine', 'Crist', '3verona.hessel@yahoo.com'),
    (166, 'dwtch', 'zVecuaFz', 'Jama', 'Ortiz', 'elmira.br17adtke@hotmail.com'),
    (167, 'makery', '7ds86nvo', 'Kera', 'Kuphal', '13glenn.bogan@yahoo.com'),
    (168, 'afncer', 'IIrXd5QB', 'Carmine', 'Trantow', 'tandra.alt81enwerth@yahoo.com'),
    (169, 'shalhard', 'jLNa5Vd7', 'Casey', 'Murray', 'murray.s77chmeler@yahoo.com'),
    (170, 'reuen', 'tAFiYEpY', 'Valeri', 'Collier', 'nathaniel.s80chiller@hotmail.com'),
    (171, 'aleara', '5CqsW8kE', 'Arletha', 'Wisoky', 'garth.ma70nn@yahoo.com'),
    (172, 'educek', '1hgGLlW6', 'Noel', 'Davis', 'regena.swan46iawski@gmail.com'),
    (173, 'hermer', 'Gu2n9RCI', 'Damon', 'Wilkinson', 'cl34iff.hane@gmail.com'),
    (174, 'jecker', 'yXsj8fit', 'Noel', 'Fisher', 'o20rville.murray@gmail.com'),
    (175, 'imier', 'W034NggP', 'Chong', 'Sporer', '66mary.bartoletti@gmail.com'),
    (176, 'cassock', 'bCE1ZgVM', 'Lauren', 'Tillman', 't72ish.hilpert@hotmail.com'),
    (177, 'niros', '8YN1USiO', 'Elsie', 'Rowe', 'trev77or.bailey@gmail.com'),
    (178, 'cateen', 'Apw5EfbP', 'Marica', 'Murray', 'nathanael.bogi41sich@hotmail.com'),
    (179, 'wertch', 'fd4sWhCx', 'Antonia', 'Pfeffer', 'kendrick.5torp@gmail.com'),
    (180, 'bamitt', 'Ooqza2o0', 'Giuseppina', 'Schinner', 'donn.f64eeney@gmail.com'),
    (181, 'jerce', '7XEmSeLj', 'Hellen', 'Gibson', 'f65lorentina.dickens@gmail.com'),
    (182, 'gaelly', '85nF5Idr', 'Darrin', 'Lakin', 'mario.34gerlach@yahoo.com'),
    (183, 'lavller', 'A1dJJBgL', 'Russell', 'Durgan', 'reynaldo.vand85ervort@gmail.com'),
    (184, 'rodami', 'Xx2W67FA', 'Selma', 'OKeefe', 'wil55liams.mclaughlin@hotmail.com'),
    (185, 'ranobs', 'wex8Zf57', 'Ellena', 'Langworth', 'tim.wi3ntheiser@gmail.com'),
    (186, 'clariguez', 'RdCuE0nQ', 'Levi', 'Zulauf', 'byron89.lind@hotmail.com'),
    (187, 'jelieb', 'TLyKwK7B', 'Samuel', 'Collier', 'owen.ve88um@gmail.com'),
    (188, 'adrnski', 'MfQoXaRi', 'Thea', 'Reinger', 'elmira.brad47tke@hotmail.com'),
    (189, 'marobs', 'SbOs97hi', 'Lupita', 'Kunze', 'tam71esha.kunde@gmail.com'),
    (190, 'fisen', '1JY3l2Ij', 'Bob', 'Brown', 'jess.dool15ey@yahoo.com'),
    (191, 'antnner', 'EzBfQ37Q', 'Erasmo', 'Beahan', '63chanelle.flatley@yahoo.com'),
    (192, 'elbzany', 'mCcp7WI9', 'Jefferey', 'Schneider', 'nina.be68rge@gmail.com'),
    (193, 'royes', 'j5x6PJkJ', 'Jere', 'Herzog', 'bu35rma.hamill@hotmail.com'),
    (194, 'maryelly', 'BL6pfS7r', 'Meri', 'Feest', 'lamont35.rau@gmail.com'),
    (195, 'samaock', 'Q8Vo3ohC', 'Geraldo', 'Kuvalis', 'aur47a.schumm@yahoo.com'),
    (196, 'denski', 'G7cUffmj', 'Berta', 'Kub', 'rolf.po70llich@hotmail.com'),
    (197, 'bilelly', 'NZFtnidu', 'Ladonna', 'Von', 'chas.27lakin@yahoo.com'),
    (198, 'yuwe', 'MUlg4Ten', 'Shayla', 'Okuneva', 'hass49an.corwin@gmail.com'),
    (199, 'geoffer', 'f9wLJOvV', 'Rafael', 'Lehner', 'kath29e.nienow@gmail.com'),
    (200, 'loomp', '7TkIXdLq', 'Spencer', 'Kris', 'palmer.35bernhard@gmail.com'),
    (201, 'leopinger', 'bmOXXqtH', 'Lupe', 'Lang', 'mon17roe.bogisich@gmail.com'),
    (202, 'micein', 'Wr8JTxOe', 'Hermina', 'Wehner', 'alex.harr43is@gmail.com'),
    (203, 'joaozk', 'uG8IebV9', 'Yolando', 'Sipes', 'alfonso.zula71uf@gmail.com'),
    (204, 'lailly', 'PZlgdTCy', 'Alfred', 'Flatley', 'flore57ntina.dickens@gmail.com'),
    (205, 'chael', 'xtUfdU5H', 'Christen', 'Streich', 'carolin.11satterfield@hotmail.com'),
    (206, 'lekman', 'hx7gHaHi', 'Keith', 'Ankunding', 'abe.k25ozey@gmail.com'),
    (207, 'elide', 'ZdqbOJL7', 'Venita', 'Adams', 'clint90on.borer@gmail.com'),
    (208, 'wyock', 'tYpRu6vT', 'Shelby', 'Feil', 'bru24no.erdman@gmail.com'),
    (209, 'corlaus', '9WCPIFm8', 'Garry', 'Legros', 'ta43mar.monahan@hotmail.com'),
    (210, 'jirstill', 'nyCUW3Dm', 'Eugenia', 'Turner', 'shaunte.wi34sozk@yahoo.com'),
    (211, 'jaswe', 'ZXS8nsXM', 'Svetlana', 'Rosenbaum', 'brandon.70okeefe@hotmail.com'),
    (212, 'kyhire', 'ZwNt14Hh', 'Bernardine', 'Hauck', 'andree.zi92emann@hotmail.com'),
    (213, 'salthe', 'TaiG21RN', 'Shalon', 'Crist', 'jettie.orei49lly@yahoo.com'),
    (214, 'lemitt', 'yYMzJ9C0', 'Roseanna', 'Ernser', 'jasper.sh60ields@yahoo.com'),
    (215, 'pieza', 'oqlcyPGP', 'Chanel', 'Sporer', 'jannette.65johnson@hotmail.com'),
    (216, 'jung', 'ZQKV3Say', 'Renea', 'Tillman', 'adan.ba22listreri@yahoo.com'),
    (217, 'scfelder', 'fBhh6qBF', 'Colton', 'Hills', 'elza.st84ark@gmail.com'),
    (218, 'juns', 'a6DG3Zt3', 'Myrtis', 'Gerhold', 'cri25sta.boyer@gmail.com'),
    (219, 'jons', 'Ct8HPzmb', 'Lucius', 'Murray', 'jerri85e.ullrich@hotmail.com'),
    (220, 'chasdottir', 'y8wi8tcM', 'Jaime', 'Hyatt', 'milan.no84lan@gmail.com'),
    (221, 'jusami', 'LGU48DHq', 'Gus', 'Trantow', 'noriko.48oreilly@gmail.com'),
    (222, 'efkery', 'XznXpHeq', 'Marty', 'Collier', 'freddie33.pagac@yahoo.com'),
    (223, 'monier', 'r10dH5fG', 'Mathew', 'Ryan', '73abe.kozey@gmail.com'),
    (224, 'gabkin', 'veggZ2eZ', 'Bill', 'Deckow', 'pri66nce.kuphal@gmail.com'),
    (225, 'chsack', 'nLxWgsZj', 'Marvin', 'Kris', 'ma70rgarita.skiles@hotmail.com'),
    (226, 'ramoowski', 'JvDROt2K', 'Mechelle', 'Kilback', 'pasty.co21nroy@yahoo.com'),
    (227, 'vinn', 'gPBqnKm7', 'Brain', 'Rippin', 'l97oyce.runte@yahoo.com'),
    (228, 'frangan', 'JnuaLlV2', 'Pierre', 'Zboncak', 'jermaine.a20bshire@yahoo.com'),
    (229, 'chros', 'WLtpNtyo', 'Chanel', 'Cole', 'j13one.carter@hotmail.com'),
    (230, 'dunros', 'KqF8Wat4', 'Chanelle', 'Weber', 'arli28ne.funk@hotmail.com'),
    (231, 'steperman', 'QgZf5NRv', 'Ken', 'Bernhard', 'lu66cas.hammes@hotmail.com'),
    (232, 'conings', 'mOmWcThR', 'Eduardo', 'Kris', 'ada.mor62ar@gmail.com'),
    (233, 'lemsel', 'WIa7dnCf', 'Otha', 'Weimann', '58ron.dach@gmail.com'),
    (234, 'suavis', 'onqYbmES', 'Bradly', 'Spinka', '20noemi.bayer@yahoo.com'),
    (235, 'geyes', '33q5Z3oF', 'Caterina', 'Mitchell', 'griceld86a.lind@gmail.com'),
    (236, 'moder', 'rvJ3CUMV', 'Alejandro', 'Grady', 'elza.sta63rk@gmail.com'),
    (237, 'losin', 'cuIL9MIX', 'Lucien', 'Purdy', 'chan5elle.schmeler@yahoo.com'),
    (238, 'ashiger', 'P9zBhHPm', 'Mee', 'Hermann', 'co26nsuela.schuppe@hotmail.com'),
    (239, 'arluer', 'VAGXay6L', 'Krystin', 'Rice', 'j14udson.streich@hotmail.com'),
    (240, 'darlls', 's2hRIDYQ', 'Yvone', 'Powlowski', 'francie.d93enesik@hotmail.com'),
    (241, 'celyer', '8Ei7Jn90', 'Susanne', 'Russel', 'b60renton.schmidt@yahoo.com'),
    (242, 'dorwe', 'T3T5WNUn', 'Cristobal', 'Kreiger', 'felton.95grimes@yahoo.com'),
    (243, 'brosin', 'AyDvY7JU', 'Shalonda', 'Schaefer', '56raguel.fadel@yahoo.com'),
    (244, 'henrkens', 'Njdp4v2b', 'Tad', 'McLaughlin', 'lorrine.ond24ricka@hotmail.com'),
    (245, 'liller', '4qmMPGCB', 'Connie', 'Upton', 'romeo.ma47nn@hotmail.com'),
    (246, 'gisiston', '0DhOFW4T', 'Lance', 'Pacocha', 'randolph.94reichert@gmail.com'),
    (247, 'easkus', 'WuulSTvH', 'Milford', 'Rolfson', 'dusty.c12ollier@gmail.com'),
    (248, 'joarp', 'Xb2CVSFQ', 'Clifford', 'McLaughlin', 'jack66.auer@gmail.com'),
    (249, 'tyins', '1E0JlJFA', 'Elvie', 'Rowe', 'elias.ma91ggio@gmail.com'),
    (250, 'wilfeich', 'psDjvs8V', 'Bill', 'Jerde', 'alp74ha.mueller@hotmail.com'),
    (251, 'buels', 'lLaw8Ujy', 'Janeth', 'Bruen', 'k2ristyn.braun@hotmail.com'),
    (252, 'antplin', 'rWwhjDfu', 'Arlinda', 'Cormier', 'adan.turn94er@yahoo.com'),
    (253, 'leobs', 'nuLXy5Km', 'Basil', 'Larkin', 'enrique10.dietrich@yahoo.com'),
    (254, 'olstrom', 'CAL0zimB', 'Chi', 'Turcotte', 'garth.ma41nn@yahoo.com'),
    (255, 'shaqhan', '2iz3yHDP', 'Gisela', 'McLaughlin', 'vivan.29skiles@gmail.com'),
    (256, 'giuseford', 'cdYZYfmY', 'Pierre', 'Ledner', 'la70rry.weimann@hotmail.com'),
    (257, 'pearlough', 'Qz3cX8wD', 'Thea', 'Langosh', 'valda.hacke30tt@hotmail.com'),
    (258, 'eloller', 'DXGuzSYd', 'Chung', 'Weimann', 'freddy.ha32nsen@hotmail.com'),
    (259, 'bihns', 'QggPMtrB', 'Abe', 'Gibson', 'cr0uz.hansen@hotmail.com'),
    (260, 'luser', '3DdURyZq', 'Luis', 'Dietrich', 'du11stin.murphy@gmail.com'),
    (261, 'amprich', '1o20WTwQ', 'Noble', 'Padberg', 'myrna.ho55dkiewicz@gmail.com'),
    (262, 'juros', 'dKAAS7S2', 'Thelma', 'Rogahn', 'desmond.bu29ckridge@gmail.com'),
    (263, 'shanin', 'xVoOx5KV', 'Rick', 'Wehner', 'kit.macejkov8ic@yahoo.com'),
    (264, 'domosette', 'ccvusb5l', 'Everette', 'Spencer', 'em18ilio.kutch@yahoo.com'),
    (265, 'karalis', 'PkmIF00C', 'Herb', 'Konopelski', 'darnel35l.langosh@gmail.com'),
    (266, 'herowski', 'X1E3KhGQ', 'Joan', 'Cormier', 'cl42emente.pouros@gmail.com'),
    (267, 'johzany', '52eSdcM7', 'Michale', 'Ondricka', 'dino.proha31ska@gmail.com'),
    (268, 'wilbler', 'vMwpxJqm', 'Jamar', 'Jacobson', 'rod.kau35tzer@yahoo.com'),
    (269, 'delll', '6E0tDHwG', 'Charline', 'Bernhard', 'reuben.b30ins@gmail.com'),
    (270, 'shacko', 'mFQSL5zv', 'Daniel', 'Fay', 'leeanne.59marvin@yahoo.com'),
    (271, 'mond', 'jlnO9Lug', 'Abel', 'Mitchell', 'morris.da89ugherty@gmail.com'),
    (272, 'pierell', 'Fahq5DD3', 'Elisha', 'Parker', 'bobby.ja16st@gmail.com'),
    (273, 'krineva', 'XCIAc4Zw', 'Belle', 'Flatley', 'tamesha.51kunde@gmail.com'),
    (274, 'bervort', 'eC3RLb0X', 'Hilde', 'Rodriguez', 'elbert.80lockman@hotmail.com'),
    (275, 'ahyes', 'FpSToRoA', 'Dwight', 'Stroman', 'va7leri.cronin@gmail.com'),
    (276, 'kaen', 'VNeCMuFm', 'Bernadette', 'Williamson', 'marcus.hei54denreich@hotmail.com'),
    (277, 'sidahn', 'G2CoAUrP', 'Darcy', 'Upton', 'lane83.goldner@yahoo.com'),
    (278, 'marll', '0t3kzMNj', 'Jerry', 'Hauck', 'hal.hacke23tt@gmail.com'),
    (279, 'jarge', 'QSSEkUBu', 'Svetlana', 'Predovic', 'graig.1purdy@yahoo.com'),
    (280, 'jtgen', '8PsrgbeM', 'Randy', 'Smith', 'gaye.os19inski@hotmail.com'),
    (281, 'antamson', 'a2NlrgxK', 'Moshe', 'Boyle', 'c52onsuela.schuppe@hotmail.com'),
    (282, 'betvis', 'zwejfQ4X', 'Amparo', 'Bruen', 'marcelino70.crona@yahoo.com'),
    (283, 'dunay', 'JbOUiO5y', 'Lamonica', 'Schuppe', 'cl91emente.pouros@gmail.com'),
    (284, 'fatady', 'IyPzNwZ1', 'Oren', 'Mayert', 'theod19ore.feeney@yahoo.com'),
    (285, 'poran', 'd3iIIj9H', 'Curt', 'Kris', 'dino.proha55ska@gmail.com'),
    (286, 'gaham', 'ZVDRWhme', 'Roscoe', 'Schmitt', 'enda.r44uecker@hotmail.com'),
    (287, 'amezog', '5JcvfhRk', 'Francesco', 'Cartwright', 'darell.34ward@gmail.com'),
    (288, 'sungac', 'kLMUWmcW', 'Abby', 'Wehner', 'nina.be46rge@gmail.com'),
    (289, 'ingeback', 'CDhAuTl0', 'Roscoe', 'Welch', 'dino.pr87ohaska@gmail.com'),
    (290, 'maryady', 'qoGApAHm', 'Adam', 'Hane', 'vince79nzo.terry@gmail.com'),
    (291, 'viami', 'o8XorL2d', 'Eusebio', 'Berge', 'clin95ton.borer@gmail.com'),
    (292, 'nicki', 'mAGWeoh0', 'Jennefer', 'Satterfield', 'b72rent.dicki@yahoo.com'),
    (293, 'carpes', 'fHAdNRJJ', 'Arletha', 'Durgan', 'tawny.s86chuppe@hotmail.com'),
    (294, 'braridge', 'OHJ3fHre', 'Pierre', 'Larson', 'shaunta.erns7er@yahoo.com'),
    (295, 'kryssette', 'ptsbXIip', 'Earle', 'Abshire', 'dexter.91ledner@yahoo.com'),
    (296, 'albetrong', 'DMjcqcvu', 'Erick', 'Ebert', '20wilmer.jacobs@gmail.com'),
    (297, 'bulier', 'K15oxAwA', 'Stephen', 'Cummings', 'elvis.90dach@gmail.com'),
    (298, 'dokens', 'v2uik0vb', 'Song', 'Dietrich', 'jeffrey.45kuhlman@yahoo.com'),
    (299, 'enrroll', 'Zno5dlpI', 'Roxie', 'Tillman', 'isi66dro.mclaughlin@yahoo.com'),
    (300, 'enrros', '3ocWwlOv', 'Ellis', 'Mitchell', 'reuben.b35ins@gmail.com'),
    (301, 'meakens', 'uQn8n4X2', 'Kristofer', 'McKenzie', 'corin0na.marks@hotmail.com'),
    (302, 'jakin', 'dG9WHJVI', 'Ira', 'Kuhlman', 'christie.ra48th@yahoo.com'),
    (303, 'adalatt', 'CsyonLol', 'Orpha', 'Padberg', 'roo33sevelt.kreiger@yahoo.com'),
    (304, 'heamson', 'Bq3fsDlQ', 'Milford', 'Bosco', 'hira27m.runolfsson@hotmail.com'),
    (305, 'carewicz', 'lucTa8NM', 'Roosevelt', 'Moen', 're44x.kihn@hotmail.com'),
    (306, 'crymier', 'Id9DU6cP', 'Simone', 'Berge', 'st72even.keeling@gmail.com'),
    (307, 'mabler', 'MuoElxQS', 'Lance', 'Kuphal', 'hobert.93hayes@yahoo.com'),
    (308, 'mouen', 'BeZOaCVE', 'Bonny', 'Borer', 'murray72.hoeger@gmail.com'),
    (309, 'koowski', 'IuDjFDdB', 'Colton', 'Wuckert', 't98ommie.bosco@gmail.com'),
    (310, 'aloson', 'lffhNrRT', 'Letitia', 'Williamson', 'merle.thom93pson@hotmail.com'),
    (311, 'kth', 'k3EbwwCE', 'Jimmie', 'Weimann', 'dalila.feen2ey@yahoo.com'),
    (312, 'jaesik', '0P7RvlgF', 'Roscoe', 'Ebert', 'darnell.gutk41owski@yahoo.com'),
    (313, 'rodahn', '0HBOreq1', 'Tad', 'Jacobson', 'jacqui54e.walsh@gmail.com'),
    (314, 'cotle', 'wPk8ZuZT', 'Jesus', 'Weimann', 'lin27wood.wuckert@yahoo.com'),
    (315, 'herns', 'LEbNQyhW', 'Denver', 'Lakin', 'c97larence.runte@yahoo.com'),
    (316, 'deanson', 'J9MiZRN7', 'Anibal', 'Sawayn', 'luc87as.hammes@hotmail.com'),
    (317, 'eltreri', 'qhjafcTs', 'America', 'Upton', '43ollie.kirlin@gmail.com'),
    (318, 'ranffer', 'b2JbZvLK', 'Geraldo', 'Windler', 'clint.kl40ocko@yahoo.com'),
    (319, 'ilin', 'cwu3R1Te', 'Josue', 'Fay', 'alva.sh29ields@yahoo.com'),
    (320, 'weshard', 'YeypM8NJ', 'Avery', 'Glover', 'roma.r54ohan@hotmail.com'),
    (321, 'tyithe', 'ZkMxYfgU', 'Merlene', 'Kreiger', 's71hane.yundt@yahoo.com'),
    (322, 'knreich', 'WReLww9M', 'Chantel', 'Bruen', 'florent97ina.dickens@gmail.com'),
    (323, 'vioady', 'iPDPqeAs', 'Randy', 'Hoeger', '24amee.hettinger@hotmail.com'),
    (324, 'rayer', 'tbNX1C9V', 'Domonique', 'Haley', 'raymundo.39rolfson@hotmail.com'),
    (325, 'charp', '23LVIymO', 'Donald', 'Padberg', 'merle.ho63well@yahoo.com'),
    (326, 'merrherty', 'Cm1UMumy', 'Asa', 'Collins', 'col15umbus.mcglynn@gmail.com'),
    (327, 'lisker', '1GeLDEsa', 'Kalyn', 'Grady', 'joyce.r71oberts@yahoo.com'),
    (328, 'malaus', 'gSE6Ai3b', 'Duncan', 'Hirthe', 'elwand31a.daniel@yahoo.com'),
    (329, 'siston', 'UDvzEsMO', 'Royal', 'Bashirian', 'william65s.mclaughlin@hotmail.com'),
    (330, 'gaytrong', 'L0a6KjAB', 'Reiko', 'Kuvalis', 'le47xie.ankunding@hotmail.com'),
    (331, 'otona', 'KzqU4Bop', 'Theresa', 'Bergnaum', 'kara22.sanford@hotmail.com'),
    (332, 'miacco', 'GfK7wBgK', 'Jerald', 'Heidenreich', 'travis47.pagac@hotmail.com'),
    (333, 'elfrrvort', '7Kltodgy', 'Sherilyn', 'Donnelly', 'fried54a.dickinson@gmail.com'),
    (334, 'nevinger', 'MoSxr2Hv', 'Evelyn', 'Tillman', 'jack20elyn.maggio@gmail.com'),
    (335, 'erahire', 'xquTcJcB', 'Gisele', 'Fadel', 'iesha.ham10ill@hotmail.com'),
    (336, 'bchie', '3e384gD9', 'Valentin', 'Schmitt', 'lucius.pre56dovic@yahoo.com'),
    (337, 'ernhell', 'uGwYZqyU', 'Larry', 'Davis', 'or90ville.murray@gmail.com'),
    (338, 'shakin', 'rvDIfN45', 'Fidelia', 'Mayert', 'car7isa.kilback@hotmail.com'),
    (339, 'reinhal', 'e8SaiNPD', 'Malik', 'Huel', '20paris.hayes@yahoo.com'),
    (340, 'malls', 'YVxLDm7w', 'Tequila', 'Feil', 'lorri.ti41llman@gmail.com'),
    (341, 'rankin', 'Co46MvcD', 'Michel', 'Smith', 'lacy77.leffler@gmail.com'),
    (342, 'austh', 'YnMZgeNX', 'Jude', 'Kris', 'alvaro.s42chamberger@hotmail.com'),
    (343, 'roles', '7oO83g5z', 'Kassandra', 'OConner', 'landon.jo74hnston@hotmail.com'),
    (344, 'lutber', 'sBxS7ri0', 'Kara', 'Kohler', 'mel.h38ermiston@hotmail.com'),
    (345, 'johayn', 'UMh2jzGc', 'Myles', 'Ritchie', 'winf17red.friesen@hotmail.com'),
    (346, 'stfson', 'YQOjbXZ8', 'Wilburn', 'Huels', 'omar.50kiehn@gmail.com'),
    (347, 'madplin', 'NCAkLOVy', 'Herma', 'DuBuque', 'john58nie.roberts@hotmail.com'),
    (348, 'satelar', 'JQKaeUAh', 'Jean', 'Smith', 'tennille.ho78eger@yahoo.com'),
    (349, 'katmann', '1x0tKURD', 'Phillip', 'Johnston', 'jean.fri57tsch@hotmail.com'),
    (350, 'chkens', 'LtI9slyF', 'Bethanie', 'Balistreri', 'ashanti.40conn@hotmail.com'),
    (351, 'meliel', 'pLHvcuyb', 'Liliana', 'Donnelly', 'i20lse.grimes@hotmail.com'),
    (352, 'ipert', 'Wk2jBDFE', 'Randolph', 'Durgan', 'moise68s.reichel@yahoo.com'),
    (353, 'maley', 'HwVEnUqo', 'Cory', 'Padberg', 'o49dessa.kuhic@hotmail.com'),
    (354, 'ammann', 'EC22vicS', 'Christian', 'Adams', 'viv35an.skiles@gmail.com'),
    (355, 'enrster', 'SaqkTmO8', 'Roosevelt', 'Lehner', 'c31had.hahn@hotmail.com'),
    (356, 'lorpel', 'NarGbu7y', 'Foster', 'Gleason', 'tamar.20monahan@hotmail.com'),
    (357, 'elbatt', 'EmdKgvIf', 'Damien', 'Morar', 's56handi.satterfield@hotmail.com'),
    (358, 'serwe', '6C6QcBht', 'Herbert', 'Towne', 'elbert.volkm17an@hotmail.com'),
    (359, 'otaden', '9DjXTz9u', 'Renea', 'Tillman', 'isi19dro.brekke@gmail.com'),
    (360, 'ayonis', 'AGx8Eae0', 'Oren', 'Deckow', 'ja42ney.grimes@hotmail.com'),
    (361, 'vankett', 'cYDubvy7', 'Selma', 'Schowalter', 'palmer.b4ernhard@gmail.com'),
    (362, 'branger', 'ekUri6yF', 'Casey', 'Beatty', 'sheron.ku34hn@hotmail.com'),
    (363, 'kan', 'eDAAleZ9', 'Sydney', 'Hegmann', 'n92ga.lakin@yahoo.com'),
    (364, 'eneroll', 'aQnU134B', 'Yolando', 'Langosh', 'lexie.anku5nding@hotmail.com'),
    (365, 'adalyver', 'yMlweHaD', 'Elouise', 'Larkin', 'h88ertha.von@yahoo.com'),
    (366, 'dingosh', '2b4aGhoZ', 'Donald', 'Homenick', 'cleveland38.robel@yahoo.com'),
    (367, 'jefnka', 'l12v28SU', 'Quinn', 'Bergnaum', 'cel58ena.krajcik@gmail.com'),
    (368, 'laer', 'E9IXTCQc', 'Ardath', 'Brown', 'q47uintin.durgan@hotmail.com'),
    (369, 'maracke', 'Jwkujq1m', 'Kathey', 'Fritsch', 'osvaldo.lo47ckman@gmail.com'),
    (370, 'alvtch', 'EIQX1hPp', 'Cliff', 'Klein', '89fae.gleason@hotmail.com'),
    (371, 'annaiel', 'IHG2Abma', 'Shameka', 'Langosh', 'gud12run.gerlach@gmail.com'),
    (372, 'arnerata', 'EC7Fohkp', 'Domonique', 'Marks', 'da78ron.casper@gmail.com'),
    (373, 'carcek', 'ArMHu5ZP', 'Cecil', 'Lakin', 'patria.park94er@hotmail.com'),
    (374, 'gelwitz', '2w2WIiKU', 'Jonathan', 'MacGyver', 'ulysse73s.sauer@yahoo.com'),
    (375, 'rodworth', 'fNVN0KDP', 'Lupita', 'Pagac', 'gerald.c12onnelly@yahoo.com'),
    (376, 'meaowski', 'XBFCNspy', 'Manual', 'Schiller', 'fran4klin.greenholt@gmail.com'),
    (377, 'lorpin', 'zOzGZhHP', 'Francesco', 'Rohan', 'mario.ku50hlman@hotmail.com'),
    (378, 'linaun', 'OhYATMsS', 'Percy', 'Yost', 'gerardo76.kulas@yahoo.com'),
    (379, 'lauley', 'RyigKvET', 'Ellis', 'Okuneva', 't62revor.bailey@gmail.com'),
    (380, 'jesik', 'lvHIxesI', 'Carlos', 'Hahn', 'gennie.90renner@gmail.com'),
    (381, 'ingerdy', 'CrKLv1hA', 'Antwan', 'Spencer', 'eli.gul94gowski@yahoo.com'),
    (382, 'kenher', 'T6NfMitu', 'Shala', 'Kuphal', 'ro35sina.romaguera@yahoo.com'),
    (383, 'reynguera', 'TSV7l3ga', 'Berry', 'Kutch', 'vi25ctor.okuneva@yahoo.com'),
    (384, 'elinn', 'c2718XRu', 'Delbert', 'Williamson', 'r81hett.ratke@yahoo.com'),
    (385, 'luepp', '0RzDhzvo', 'Ahmad', 'Schultz', 'ted.zi69eme@gmail.com'),
    (386, 'alller', 'AVVjXYzy', 'Danette', 'Maggio', 'jan59nette.johnson@hotmail.com'),
    (387, 'herulke', 'SklHYEV3', 'Enedina', 'Donnelly', 'ver60nia.gerhold@yahoo.com'),
    (388, 'lelch', 'D9gg6Ex1', 'Chery', 'Donnelly', 'noren87e.goldner@gmail.com'),
    (389, 'shafelder', 'NQz7Fnko', 'Noelia', 'Pagac', 'romeo.63mann@hotmail.com'),
    (390, 'dancek', '8BekMx0w', 'Charline', 'Gorczany', 'sergio.rod43riguez@yahoo.com'),
    (391, 'peniski', 'GKCuc3Bf', 'Sandy', 'Schowalter', '12wally.hirthe@yahoo.com'),
    (392, 'dwikman', 'aHZEN4SE', 'Deann', 'Boyle', 'sta32nton.rowe@gmail.com'),
    (393, 'javpel', 'cYzHIW2g', 'Tanna', 'Reichert', 'quentin81.roob@yahoo.com'),
    (394, 'gebson', 'jrt3UHo4', 'Hilario', 'Von', 'marita.le40ffler@hotmail.com'),
    (395, 'alejton', 'iUUa5f8o', 'Michale', 'Kreiger', 'm14elany.glover@gmail.com'),
    (396, 'adrtel', 'cxyCM33Z', 'Nilsa', 'Johnson', 'kathleen.hartma57nn@yahoo.com'),
    (397, 'katback', 'pzBw4OOj', 'Alfred', 'Weber', 'stacia1.zieme@hotmail.com'),
    (398, 'janerhar', '5RTRR0Fg', 'Myles', 'Bernhard', 'isaac.ro89berts@hotmail.com'),
    (399, 'micami', 'Zfw8ODfF', 'Dean', 'Runolfsdottir', 'carm1elina.hammes@gmail.com'),
    (400, 'mariocha', 'KDv4HRP9', 'Gregorio', 'Legros', 'ceola.mi47lls@gmail.com');
END $$
DELIMITER ;


DELIMITER $$
CREATE OR REPLACE PROCEDURE GenerateAddressTableData()
BEGIN
INSERT INTO address
    (address_id, street_address, city_address, zip_address, state_address, customer_id)
VALUES
    (1, '71457 Sunny Island', 'North Christalmouth', '71777', 'AR', 1),
    (3, '733 Hartmann Skyway', 'East Chanell', '71760', 'AR', 2),
    (4, '0538 Mosciski Trafficway', 'West Loma', '04278', 'ME', 3),
    (9, '509 Marcel Trail', 'East Manual', '21026', 'MD', 4),
    (11, '4662 Sydney Corners', 'Port Van', '66693', 'KS', 5),
    (14, '98532 Wisozk Summit', 'Lake Genie', '19862', 'DE', 6),
    (20, '84522 Linh Harbors', 'East Eunicehaven', '97977', 'OR', 7),
    (23, '274 Olson Parkway', 'South Colton', '54964', 'WI', 8),
    (24, '7965 Rutherford Ranch', 'North Elida', '21034', 'MD', 9),
    (25, '217 Adolph Common', 'Lake Walter', '85042', 'AZ', 10),
    (26, '1336 Shirley Freeway', 'Friesenberg', '83252', 'ID', 11),
    (28, '531 Sid Mount', 'Hermanmouth', '99553', 'AK', 12),
    (29, '62501 Collier Valley', 'South Basil', '85051', 'AZ', 13),
    (30, '227 Beatty Point', 'Lake Myeshachester', '65027', 'MO', 14),
    (31, '7926 Nakesha Plains', 'Lake Elliot', '57770', 'SD', 15),
    (32, '8220 Cummerata Square', 'Lake Jedland', '05062', 'VT', 16),
    (34, '48208 Cartwright Groves', 'East Rodolfo', '46393', 'IN', 17),
    (35, '239 Botsford Crossroad', 'Lake Adalbertoside', '18658', 'PA', 18),
    (36, '7199 Antoinette Passage', 'Raphaelmouth', '68823', 'NE', 19),
    (37, '83974 OKon Garden', 'East Johnsonhaven', '29962', 'SC', 20),
    (38, '6636 Lauri Mill', 'Bernhardbury', '84740', 'UT', 21),
    (44, '5599 Heaney Ramp', 'North Karri', '06127', 'CT', 22),
    (47, '59878 Gaston Garden', 'Davisfurt', '12290', 'NY', 23),
    (49, '217 Adolph Common', 'Kinamouth', '83225', 'ID', 24),
    (53, '521 Sha Common', 'New Timothyland', '88028', 'NM', 25),
    (55, '5113 Kertzmann Forge', 'South Michealstad', '71779', 'AR', 26),
    (57, '7450 Abernathy Key', 'Owenville', '85013', 'AZ', 27),
    (58, '213 Neida Burgs', 'North Lakeeshaville', '71769', 'AR', 28),
    (60, '47791 Sterling Point', 'Lake Izetta', '18665', 'PA', 29),
    (61, '65131 Nickolas Ways', 'North Scotton', '96728', 'HI', 30),
    (64, '73727 Bins Corners', 'Wardport', '38728', 'MS', 31),
    (65, '899 Lueilwitz Views', 'New Emileton', '29946', 'SC', 32),
    (66, '81411 Dicki Bridge', 'Swaniawskifort', '44473', 'OH', 33),
    (72, '07984 Botsford Park', 'New Jimmieberg', '38365', 'TN', 34),
    (73, '981 Joaquina Locks', 'Bruenfurt', '58655', 'ND', 35),
    (74, '2176 Trudie Pike', 'Jonesburgh', '71736', 'AR', 36),
    (77, '8220 Cummerata Square', 'East Maricela', '21082', 'MD', 37),
    (80, '1411 Rohan Garden', 'Torphyfort', '90082', 'CA', 38),
    (82, '26677 Howe Canyon', 'Maurobury', '84795', 'UT', 39),
    (84, '98694 Bode Mission', 'Amalview', '97924', 'OR', 40),
    (86, '58799 Jerrica Mall', 'East Augustine', '29983', 'SC', 41),
    (87, '1893 Barbie Islands', 'New Willeneview', '66612', 'KS', 42),
    (88, '788 Adrian Oval', 'Hermanshire', '03679', 'NH', 43),
    (89, '031 Porter Isle', 'Lake Merrill', '35056', 'AL', 44),
    (91, '013 Johnson Fort', 'Billiemouth', '04278', 'ME', 45),
    (92, '21713 Estefana Mountains', 'Brindastad', '99560', 'AK', 46),
    (95, '592 Barney Squares', 'New Constance', '59032', 'MT', 47),
    (96, '17939 Nickolas Summit', 'Demarcusfort', '21064', 'MD', 48),
    (101, '8032 Chantay Station', 'Mohrshire', '65029', 'MO', 49),
    (103, '90471 Lindsey Mountain', 'South Jerroldhaven', '05092', 'VT', 50),
    (106, '2630 Auer Trafficway', 'Harlandhaven', '85017', 'AZ', 51),
    (107, '1411 Rohan Garden', 'Emmettberg', '35058', 'AL', 52),
    (110, '47791 Sterling Point', 'Ilamouth', '54916', 'WI', 53),
    (112, '654 Cameron Forest', 'South Chase', '58686', 'ND', 54),
    (113, '23264 Halvorson Street', 'West Sean', '32266', 'FL', 55),
    (115, '05796 Alfredo Ports', 'South Pat', '83174', 'WY', 56),
    (116, '93862 Pagac Ramp', 'Collinsside', '46318', 'IN', 57),
    (118, '323 Hammes Creek', 'Hackettberg', '58680', 'ND', 58),
    (120, '9278 Oretha Ports', 'Mathewchester', '89837', 'NV', 59),
    (121, '850 Blick Ville', 'Conroyshire', '83252', 'ID', 60),
    (122, '79900 Odis Place', 'Greenholtfurt', '22234', 'VA', 61),
    (123, '88381 Buckridge Fort', 'Caseyton', '29942', 'SC', 62),
    (124, '389 Alfonzo Isle', 'Lanafort', '58611', 'ND', 63),
    (126, '73727 Bins Corners', 'South Aja', '30133', 'GA', 64),
    (127, '473 Bennett Stravenue', 'Lacyview', '60034', 'IL', 65),
    (128, '0222 Paz Mountains', 'Port Christian', '51095', 'IA', 66),
    (129, '01105 Welch Isle', 'North Mimistad', '57764', 'SD', 67),
    (131, '07542 Reichel Oval', 'Lake Maxima', '68852', 'NE', 68),
    (134, '935 Kathryne Tunnel', 'Metzhaven', '07651', 'NJ', 69),
    (135, '02322 Monty Mountain', 'South Chadwick', '99067', 'WA', 70),
    (136, '268 Altenwerth Island', 'Port Audry', '89860', 'NV', 71),
    (137, '1686 Moshe Skyway', 'Nikolausberg', '51033', 'IA', 72),
    (138, '704 Chris Parkways', 'Kennithmouth', '57770', 'SD', 73),
    (142, '8605 Benito Greens', 'Lake Curt', '35058', 'AL', 74),
    (143, '66213 Jake Islands', 'North Necole', '38793', 'MS', 75),
    (146, '987 Adela Throughway', 'Kinamouth', '21011', 'MD', 76),
    (147, '971 Nathanael Fork', 'Lakinshire', '99597', 'AK', 77),
    (148, '85561 Connelly View', 'Hermanport', '32245', 'FL', 78),
    (152, '594 Bartoletti Flats', 'Kihnton', '80056', 'CO', 79),
    (156, '8081 Alycia Vista', 'Lake Jedland', '96784', 'HI', 80),
    (157, '399 Rosette Crossing', 'Port Marianochester', '22212', 'VA', 81),
    (158, '80262 Kreiger Stravenue', 'Kirlinchester', '96784', 'HI', 82),
    (159, '4190 Rice Road', 'South Madlynborough', '22225', 'VA', 83),
    (160, '28099 Botsford Ville', 'North Tobias', '35012', 'AL', 84),
    (163, '90471 Lindsey Mountain', 'West Abbystad', '12222', 'NY', 85),
    (166, '09917 Karri Street', 'Kingstad', '89872', 'NV', 86),
    (168, '66984 Dominick Crescent', 'Hillshaven', '59082', 'MT', 87),
    (169, '736 Pfeffer Villages', 'New Bernadine', '83225', 'ID', 88),
    (170, '599 Lilliam Underpass', 'Coltonport', '57793', 'SD', 89),
    (171, '22461 Eldridge Lights', 'Jeanenebury', '55533', 'MN', 90),
    (177, '6925 Marcellus Common', 'Mckenziechester', '58631', 'ND', 91),
    (179, '30641 Medhurst Row', 'Bohaven', '38733', 'MS', 92),
    (180, '591 Pacocha Mall', 'South Michealstad', '29961', 'SC', 93),
    (181, '82970 Delta Oval', 'New Bernadine', '55537', 'MN', 94),
    (184, '7926 Nakesha Plains', 'Evanhaven', '30115', 'GA', 95),
    (185, '17458 Abshire Roads', 'Krishnaton', '07633', 'NJ', 96),
    (187, '2826 Troy Hill', 'Dooleytown', '97960', 'OR', 97),
    (188, '0222 Paz Mountains', 'Westside', '58695', 'ND', 98),
    (191, '93915 Powlowski Camp', 'Reichertville', '51095', 'IA', 99),
    (192, '810 Jesse Union', 'Lake Gerardo', '06174', 'CT', 100),
    (198, '996 Dillon Crossing', 'North Desmond', '06199', 'CT', 101),
    (200, '798 Aufderhar Isle', 'Milagrosbury', '99082', 'WA', 102),
    (202, '7215 Dallas Isle', 'North Lea', '65049', 'MO', 103),
    (204, '2007 Cormier Rue', 'Hesselberg', '02612', 'MA', 104),
    (205, '77126 Woodrow Cliffs', 'Lakinshire', '46393', 'IN', 105),
    (209, '9377 Grant Falls', 'North Lindseytown', '32249', 'FL', 106),
    (210, '641 Bob Harbors', 'Wildermanmouth', '97977', 'OR', 107),
    (213, '90355 Wyman Tunnel', 'Lewisfurt', '46310', 'IN', 108),
    (214, '60551 Baumbach Island', 'Kirlinmouth', '19829', 'DE', 109),
    (215, '125 Smitham Manors', 'South Basil', '05063', 'VT', 110),
    (216, '37489 Bode Mission', 'Jaskolskiborough', '03651', 'NH', 111),
    (218, '87512 Kuhic Route', 'Kimchester', '07622', 'NJ', 112),
    (220, '30847 Robel Land', 'West Conniefurt', '51052', 'IA', 113),
    (222, '05904 Milford Islands', 'South Lynberg', '24721', 'WV', 114),
    (223, '312 Marvin Brook', 'Welchfort', '58663', 'ND', 115),
    (226, '482 Ahmad Garden', 'North Karri', '71769', 'AR', 116),
    (229, '64267 Carola Prairie', 'Emmerichberg', '21026', 'MD', 117),
    (230, '49616 Lourdes Gardens', 'North Alia', '99553', 'AK', 118),
    (231, '744 Idell Tunnel', 'Langstad', '85081', 'AZ', 119),
    (232, '2878 Venus Springs', 'Tanishaberg', '29992', 'SC', 120),
    (235, '69165 Heidenreich Rapid', 'Kuhntown', '44423', 'OH', 121),
    (239, '81453 Bailey Junctions', 'Lake Alexshire', '02687', 'MA', 122),
    (244, '05904 Milford Islands', 'Walterton', '02687', 'MA', 123),
    (245, '7520 Vance Drives', 'South Niaton', '02959', 'RI', 124),
    (247, '66346 Jessie Fall', 'North Oswaldo', '85096', 'AZ', 125),
    (249, '098 Mitchell Corner', 'Namville', '58655', 'ND', 126),
    (250, '79747 Bradtke Flats', 'New Melainemouth', '48095', 'MI', 127),
    (251, '0567 Claire Road', 'Langstad', '02620', 'MA', 128),
    (253, '807 Tod Forges', 'Port Tonettechester', '57789', 'SD', 129),
    (254, '316 Phillis Knoll', 'Ahmadville', '05066', 'VT', 130),
    (256, '66546 Miesha Mountain', 'Mohrton', '05067', 'VT', 131),
    (257, '424 Wuckert Forges', 'Lake Freeman', '57793', 'SD', 132),
    (258, '1526 Farah Cove', 'Denesikshire', '66648', 'KS', 133),
    (260, '41904 Franecki Junctions', 'Bradleyhaven', '35091', 'AL', 134),
    (264, '3311 Rodriguez Crossroad', 'Port Shirely', '03679', 'NH', 135),
    (266, '0445 Gaylord Locks', 'South Dewey', '68827', 'NE', 136),
    (267, '599 Lilliam Underpass', 'Port Kasandrabury', '83113', 'WY', 137),
    (272, '544 Frances Land', 'Ottoville', '35091', 'AL', 138),
    (273, '48806 Altenwerth Garden', 'North Oswaldo', '04274', 'ME', 139),
    (274, '5332 Otto Causeway', 'Cummingsmouth', '38385', 'TN', 140),
    (275, '592 Barney Squares', 'Port Margert', '32266', 'FL', 141),
    (276, '41738 Merrill Mission', 'South Hollisland', '99020', 'WA', 142),
    (279, '44785 Qiana Spurs', 'Brownfurt', '02672', 'MA', 143),
    (281, '385 Sanford Land', 'Lake Adalbertoside', '35074', 'AL', 144),
    (282, '63460 Bryce Pass', 'Lake Merrill', '66645', 'KS', 145),
    (284, '825 Shanna Unions', 'South Celesta', '24721', 'WV', 146),
    (285, '903 Luettgen Expressway', 'East Jin', '44436', 'OH', 147),
    (286, '1523 Tonette Rapids', 'Stromanmouth', '02670', 'MA', 148),
    (287, '16640 Jeremy Wells', 'West Agripinaburgh', '28890', 'NC', 149),
    (288, '20106 Rickie Greens', 'North Brunofurt', '32286', 'FL', 150),
    (289, '996 Cole Creek', 'North Soonberg', '38733', 'MS', 151),
    (291, '19788 Lauran Port', 'New Garryton', '19833', 'DE', 152),
    (292, '584 Earlean Glens', 'Swaniawskimouth', '48056', 'MI', 153),
    (294, '9984 Nienow Lights', 'Port Ralphburgh', '29961', 'SC', 154),
    (296, '274 Olson Parkway', 'West Ethylmouth', '66682', 'KS', 155),
    (297, '560 Ethel Parkway', 'Cummingsmouth', '22244', 'VA', 156),
    (299, '6433 Mayert Junctions', 'Lake Colettaville', '51011', 'IA', 157),
    (301, '551 Cicely Loaf', 'South Toccara', '48048', 'MI', 158),
    (304, '83218 Stanton Trail', 'Hahnfort', '51088', 'IA', 159),
    (306, '8947 Ian Locks', 'Macejkovicmouth', '97934', 'OR', 160),
    (308, '458 Maggio Turnpike', 'Torphyfort', '18658', 'PA', 161),
    (310, '24159 Daniela Knolls', 'Lake Chang', '84775', 'UT', 162),
    (315, '34764 Jerald Alley', 'Greenholtfurt', '71710', 'AR', 163),
    (317, '118 Dylan Summit', 'West Darin', '40427', 'KY', 164),
    (321, '254 Harvey Loop', 'Florettaberg', '02912', 'RI', 165),
    (322, '94068 Delorse Squares', 'New Kendrahaven', '68872', 'NE', 166),
    (324, '928 Waldo Cliff', 'Lake Aisha', '02646', 'MA', 167),
    (327, '285 Kris Fort', 'Gleasonchester', '46310', 'IN', 168),
    (328, '5216 Kirlin Mill', 'New Lonnymouth', '73061', 'OK', 169),
    (329, '07542 Reichel Oval', 'Clementehaven', '79837', 'TX', 170),
    (332, '105 Ilene Pines', 'Lake Hortensiastad', '32288', 'FL', 171),
    (333, '47791 Sterling Point', 'East Jeanette', '44480', 'OH', 172),
    (335, '18857 Lonna Port', 'South Harrietteview', '38325', 'TN', 173),
    (336, '87183 Terry Walks', 'Port Gayleview', '84713', 'UT', 174),
    (337, '698 Carri River', 'Shermanport', '89870', 'NV', 175),
    (338, '7756 Kautzer Heights', 'South Celesta', '60039', 'IL', 176),
    (339, '66984 Dominick Crescent', 'West Maxima', '05088', 'VT', 177),
    (343, '30641 Medhurst Row', 'Port Wayne', '05075', 'VT', 178),
    (348, '2600 Cassaundra Crossroad', 'Sofiashire', '71733', 'AR', 179),
    (350, '497 Witting Inlet', 'Hillshaven', '89837', 'NV', 180),
    (352, '92239 Franecki Freeway', 'West Alphonso', '54911', 'WI', 181),
    (354, '48347 Sanford Squares', 'Schimmelmouth', '90066', 'CA', 182),
    (355, '93915 Powlowski Camp', 'Batzborough', '04259', 'ME', 183),
    (356, '04775 Cecil Dam', 'South Winford', '66679', 'KS', 184),
    (358, '75322 Lindgren Greens', 'West Conniefurt', '21011', 'MD', 185),
    (359, '8842 Crona Prairie', 'East Tequilahaven', '12275', 'NY', 186),
    (361, '275 Nolan Brook', 'Lelandberg', '48028', 'MI', 187),
    (362, '426 Brent Field', 'Lake Joanniefurt', '99553', 'AK', 188),
    (364, '9648 Leigh Circle', 'Raleighborough', '19883', 'DE', 189),
    (366, '482 Ahmad Garden', 'Townestad', '60013', 'IL', 190),
    (370, '50068 Macejkovic Knolls', 'Erdmanborough', '68871', 'NE', 191),
    (373, '6038 Jasper Curve', 'South Waldo', '99539', 'AK', 192),
    (375, '7520 Vance Drives', 'North Major', '12243', 'NY', 193),
    (377, '733 Hartmann Skyway', 'Lake Carltonmouth', '04274', 'ME', 194),
    (381, '105 Ilene Pines', 'New Clarenceport', '68873', 'NE', 195),
    (383, '744 Idell Tunnel', 'Schoenmouth', '04275', 'ME', 196),
    (385, '497 Feil Vista', 'East Yesenialand', '02952', 'RI', 197),
    (390, '093 Schneider Mountain', 'New Colinview', '30126', 'GA', 198),
    (394, '788 Adrian Oval', 'Miguelmouth', '29961', 'SC', 199),
    (395, '67476 Satterfield Islands', 'South Ma', '51089', 'IA', 200),
    (396, '63028 Jame Mills', 'West Randall', '40458', 'KY', 201),
    (399, '28083 Von Trail', 'Westside', '71740', 'AR', 202),
    (400, '497 OConnell Shore', 'New Jameborough', '48048', 'MI', 203),
    (401, '310 Wilburn Light', 'North Delindaport', '22248', 'VA', 204),
    (403, '60338 Mose Circle', 'New Sana', '35048', 'AL', 205),
    (404, '535 Ronny Spring', 'Marshaport', '84798', 'UT', 206),
    (405, '58597 Maggio Mountain', 'Lewisfurt', '65018', 'MO', 207),
    (406, '38061 Hackett Mills', 'Waldomouth', '05099', 'VT', 208),
    (407, '399 Rosette Crossing', 'Josuestad', '02924', 'RI', 209),
    (409, '509 Marcel Trail', 'New Micaelachester', '51051', 'IA', 210),
    (411, '24782 Stokes Shoals', 'East Fatima', '22242', 'VA', 211),
    (413, '778 Kindra Stravenue', 'Lupeborough', '44490', 'OH', 212),
    (417, '476 Kling Mountains', 'North Nancyberg', '22234', 'VA', 213),
    (420, '1526 Farah Cove', 'Halvorsonville', '60018', 'IL', 214),
    (421, '229 Farrell Lake', 'Wolfffurt', '06130', 'CT', 215),
    (422, '228 Marlon Summit', 'Enolaview', '66645', 'KS', 216),
    (424, '0653 Franecki Alley', 'East Mckinley', '83279', 'ID', 217),
    (426, '7337 Lowe Cove', 'Beierton', '58673', 'ND', 218),
    (428, '385 Sanford Land', 'Lake Nicolaston', '99553', 'AK', 219),
    (429, '1045 Brendon Green', 'Lenardview', '38765', 'MS', 220),
    (430, '46587 Emilia Turnpike', 'Florborough', '83247', 'ID', 221),
    (432, '8957 Bobbye Corners', 'Kiehnmouth', '85054', 'AZ', 222),
    (434, '584 Earlean Glens', 'Nadaview', '19864', 'DE', 223),
    (436, '3599 Vashti Walks', 'Debville', '57729', 'SD', 224),
    (438, '9367 Heller Curve', 'West Agripinaburgh', '06159', 'CT', 225),
    (440, '729 Labadie Burgs', 'Hirthebury', '97960', 'OR', 226),
    (442, '3139 Valentin Mews', 'Port Clyde', '02924', 'RI', 227),
    (443, '92239 Franecki Freeway', 'West Andresland', '57716', 'SD', 228),
    (445, '011 Gleason Lake', 'Cliftonport', '57793', 'SD', 229),
    (446, '58608 Padberg Lock', 'Bernhardbury', '55565', 'MN', 230),
    (447, '449 Guy Shoals', 'Lake Else', '12291', 'NY', 231),
    (451, '10301 Ullrich Village', 'Lake Ray', '57729', 'SD', 232),
    (453, '855 Genesis Ports', 'South Shane', '66673', 'KS', 233),
    (454, '38061 Hackett Mills', 'Port Calvinstad', '40455', 'KY', 234),
    (457, '925 Orn Village', 'Beierton', '57764', 'SD', 235),
    (458, '323 Myong Roads', 'Ilamouth', '30124', 'GA', 236),
    (459, '228 Marlon Summit', 'Herzogfort', '83279', 'ID', 237),
    (463, '105 Ilene Pines', 'Reichertville', '79835', 'TX', 238),
    (464, '2360 Monahan Shoal', 'North Joanfort', '71760', 'AR', 239),
    (470, '497 Feil Vista', 'South Colton', '04229', 'ME', 240),
    (471, '008 Mayer Bypass', 'North Dani', '58686', 'ND', 241),
    (473, '1454 Ledner Walks', 'Port Antonioburgh', '54920', 'WI', 242),
    (474, '51822 Jerrold Isle', 'Fosterberg', '83225', 'ID', 243),
    (477, '310 Wilburn Light', 'Lake Chang', '12264', 'NY', 244),
    (478, '7044 Billi Mountain', 'Port Jaytown', '48048', 'MI', 245),
    (481, '1190 Crooks Knoll', 'North Milo', '06159', 'CT', 246),
    (482, '33416 Buckridge Cape', 'Auerside', '54912', 'WI', 247),
    (483, '1523 Tonette Rapids', 'North Kamala', '21031', 'MD', 248),
    (484, '003 Schulist Canyon', 'Raleighborough', '68840', 'NE', 249),
    (485, '872 Sanford Mountain', 'South Savannatown', '60049', 'IL', 250),
    (486, '5536 Trina Ridges', 'North Oswaldo', '84719', 'UT', 251),
    (487, '093 Schneider Mountain', 'Amalview', '65018', 'MO', 252),
    (488, '352 Hudson Coves', 'North Aleida', '02912', 'RI', 253),
    (489, '51822 Jerrold Isle', 'Port Theola', '79849', 'TX', 254),
    (490, '55349 Emmitt Radial', 'East Neomaburgh', '38765', 'MS', 255),
    (493, '733 Shaun Port', 'West Loganton', '90072', 'CA', 256),
    (494, '3587 Christiansen Divide', 'Port Sandraview', '05063', 'VT', 257),
    (495, '41936 Gleichner Lake', 'Port Lakeesha', '54991', 'WI', 258),
    (497, '34764 Jerald Alley', 'South Shon', '99562', 'AK', 259),
    (498, '591 Pacocha Mall', 'Bennettfort', '99539', 'AK', 260),
    (500, '4710 Meghann Island', 'Lake Fred', '66698', 'KS', 261),
    (501, '18857 Lonna Port', 'Hartmannborough', '19814', 'DE', 262),
    (502, '63028 Jame Mills', 'Lake Elliot', '80087', 'CO', 263),
    (503, '69165 Heidenreich Rapid', 'Jerdemouth', '38341', 'TN', 264),
    (506, '79747 Bradtke Flats', 'East Jerica', '85086', 'AZ', 265),
    (507, '85561 Connelly View', 'Friesenberg', '40455', 'KY', 266),
    (512, '472 Shields Flats', 'Bernhardbury', '85038', 'AZ', 267),
    (513, '632 Feeney Ports', 'North Antonio', '84710', 'UT', 268),
    (515, '21312 Schaefer Port', 'Bradleyhaven', '83225', 'ID', 269),
    (516, '362 Nenita Oval', 'East Rodolfo', '19828', 'DE', 270),
    (518, '7337 Lowe Cove', 'New Micaelachester', '71710', 'AR', 271),
    (521, '925 Orn Village', 'Townestad', '21053', 'MD', 272),
    (522, '66346 Jessie Fall', 'Lake Colettaville', '85017', 'AZ', 273),
    (524, '10777 Stamm Valleys', 'Roobhaven', '29924', 'SC', 274),
    (525, '5711 Helga Plain', 'North Lavona', '84772', 'UT', 275),
    (526, '239 Botsford Crossroad', 'Lake Pete', '99581', 'AK', 276),
    (527, '470 Vannesa Freeway', 'Feilhaven', '05062', 'VT', 277),
    (530, '530 Sean Circles', 'Erinnside', '68893', 'NE', 278),
    (531, '204 Schultz Ville', 'North Darcelville', '83279', 'ID', 279),
    (533, '10662 Douglas Ridges', 'North Carlena', '21082', 'MD', 280),
    (536, '0885 Otha Islands', 'Christiansenshire', '57728', 'SD', 281),
    (537, '9377 Grant Falls', 'East Antony', '99575', 'AK', 282),
    (538, '680 Huels Way', 'Port Clyde', '29966', 'SC', 283),
    (540, '8487 Rivka Brook', 'Reichertville', '18656', 'PA', 284),
    (542, '9067 Rath Manors', 'West Randall', '05089', 'VT', 285),
    (543, '1431 Wehner Keys', 'New Darrellfurt', '80039', 'CO', 286),
    (544, '777 Deb Fort', 'New Sena', '59016', 'MT', 287),
    (545, '6642 Ja Glens', 'South Winford', '04256', 'ME', 288),
    (547, '389 Alfonzo Isle', 'North Scotton', '29933', 'SC', 289),
    (548, '327 Al Summit', 'South Harrietteview', '66648', 'KS', 290),
    (552, '55349 Emmitt Radial', 'East Joseph', '38787', 'MS', 291),
    (553, '965 Walsh Club', 'Lake Joanniefurt', '03641', 'NH', 292),
    (554, '072 Douglas Hill', 'East Tequilahaven', '06179', 'CT', 293),
    (556, '59167 Goodwin Roads', 'Tuanstad', '51014', 'IA', 294),
    (557, '1774 Eugenie Stream', 'Hirtheberg', '48058', 'MI', 295),
    (559, '1625 Hung Junction', 'Lake Carltonmouth', '68840', 'NE', 296),
    (560, '443 Schroeder Unions', 'Flatleybury', '99073', 'WA', 297),
    (565, '14364 Huels Parks', 'Lewisfurt', '35086', 'AL', 298),
    (567, '238 Hilll Landing', 'South Jarvis', '07622', 'NJ', 299),
    (568, '24924 Hyman Junction', 'Alaneview', '48058', 'MI', 300),
    (572, '5978 Price Mountains', 'Lucianomouth', '07692', 'NJ', 301),
    (573, '098 Mitchell Corner', 'Lake Genie', '60039', 'IL', 302),
    (574, '534 Abel Ports', 'Dareberg', '19875', 'DE', 303),
    (579, '610 Frami Expressway', 'Zackstad', '60074', 'IL', 304),
    (580, '73122 Vesta Alley', 'Ziemeshire', '38794', 'MS', 305),
    (582, '61994 Beth View', 'Reichertside', '84749', 'UT', 306),
    (583, '40858 Wade Pines', 'Hahnfort', '58669', 'ND', 307),
    (585, '031 Porter Isle', 'Harveyborough', '24711', 'WV', 308),
    (588, '014 Kreiger Squares', 'New Carliemouth', '66676', 'KS', 309),
    (589, '8212 Yetta Stream', 'East Quentin', '58699', 'ND', 310),
    (590, '19788 Lauran Port', 'New Mathew', '32229', 'FL', 311),
    (591, '60551 Baumbach Island', 'Olsonshire', '21031', 'MD', 312),
    (594, '170 Olson Mountains', 'North Karri', '66614', 'KS', 313),
    (597, '20953 Stoltenberg Throughway', 'Wolfffurt', '80084', 'CO', 314),
    (599, '3027 Albert Street', 'South Hollieshire', '29990', 'SC', 315),
    (601, '0496 Bud Lake', 'Fosterberg', '99028', 'WA', 316),
    (602, '9648 Leigh Circle', 'Lake Luke', '35031', 'AL', 317),
    (604, '0227 Daugherty Squares', 'Emelinaburgh', '19868', 'DE', 318),
    (605, '42962 Shelton Prairie', 'East Sherryberg', '38752', 'MS', 319),
    (608, '689 Tillman Station', 'Dannieview', '02993', 'RI', 320),
    (611, '83385 Koepp Plains', 'Reichertville', '84756', 'UT', 321),
    (613, '61994 Beth View', 'Sangton', '89872', 'NV', 322),
    (614, '18225 Kling Run', 'West Conchitaside', '03651', 'NH', 323),
    (617, '57515 Spinka Terrace', 'North Aileen', '06179', 'CT', 324),
    (620, '254 Donny Station', 'Baumbachside', '90077', 'CA', 325),
    (624, '34764 Jerald Alley', 'Port Ettieberg', '04226', 'ME', 326),
    (629, '63028 Jame Mills', 'Kautzerside', '80034', 'CO', 327),
    (630, '323 Vandervort Court', 'North Tobias', '05013', 'VT', 328),
    (631, '981 Joaquina Locks', 'Lake Nicolaston', '19829', 'DE', 329),
    (632, '3349 Lebsack Valleys', 'Christiansenside', '18680', 'PA', 330),
    (633, '18225 Kling Run', 'Kunzeside', '80093', 'CO', 331),
    (634, '54620 Rosaura Ridges', 'Reichertside', '65024', 'MO', 332),
    (635, '6898 Bergnaum Junctions', 'South Alvaromouth', '06165', 'CT', 333),
    (636, '680 Huels Way', 'Carrollview', '83172', 'WY', 334),
    (637, '62252 Sawayn Bypass', 'North Lala', '48058', 'MI', 335),
    (638, '60718 Goyette Pike', 'Haagberg', '19850', 'DE', 336),
    (639, '617 Konopelski Estate', 'Stephanieland', '66614', 'KS', 337),
    (641, '05425 Alia Ports', 'Eduardoton', '05086', 'VT', 338),
    (642, '538 Bob Fork', 'Luigiton', '84798', 'UT', 339),
    (645, '850 Blick Ville', 'Hellerberg', '58663', 'ND', 340),
    (649, '45481 Cruickshank Fords', 'South Jadwiga', '71736', 'AR', 341),
    (652, '798 Aufderhar Isle', 'New Genaroshire', '29961', 'SC', 342),
    (654, '13440 Wisozk Union', 'Magnoliatown', '38320', 'TN', 343),
    (656, '934 Carroll Mall', 'North Manie', '85040', 'AZ', 344),
    (660, '5331 Edwardo Forge', 'North Nancyberg', '05024', 'VT', 345),
    (661, '648 Kayleen Mountain', 'West Mellissaborough', '85042', 'AZ', 346),
    (663, '855 Genesis Ports', 'Lucienburgh', '40487', 'KY', 347),
    (664, '635 Willy Wall', 'Steventown', '58655', 'ND', 348),
    (665, '0291 Windler Flats', 'Lubowitzstad', '35094', 'AL', 349),
    (668, '417 Corwin Crossroad', 'West Conchitaside', '38764', 'MS', 350),
    (670, '987 Adela Throughway', 'Gaylordhaven', '68884', 'NE', 351),
    (675, '2142 Hilll Ramp', 'Hintzville', '02924', 'RI', 352),
    (676, '788 Adrian Oval', 'Shermanport', '24720', 'WV', 353),
    (680, '807 Tod Forges', 'North Yulanda', '85051', 'AZ', 354),
    (683, '804 Russel Vista', 'Lake Lanellside', '02640', 'MA', 355),
    (684, '26677 Howe Canyon', 'Olliebury', '89889', 'NV', 356),
    (685, '399 Rosette Crossing', 'East Sherellshire', '84710', 'UT', 357),
    (689, '1449 Berry Plaza', 'Lavernburgh', '66644', 'KS', 358),
    (691, '323 Hammes Creek', 'New Mindastad', '59014', 'MT', 359),
    (693, '00170 Sebastian Unions', 'North Antonio', '21082', 'MD', 360),
    (695, '14364 Huels Parks', 'Lake Ellabury', '24726', 'WV', 361),
    (696, '3138 Annice Land', 'Dodieburgh', '06179', 'CT', 362),
    (701, '73630 Velma Crescent', 'Darebury', '19833', 'DE', 363),
    (702, '36312 Barrows Underpass', 'North Bradmouth', '90060', 'CA', 364),
    (703, '348 Hoeger Junctions', 'Port Murray', '58655', 'ND', 365),
    (704, '323 Weber Mission', 'Olliebury', '71779', 'AR', 366),
    (707, '97277 Crooks Plains', 'West Winniemouth', '55544', 'MN', 367),
    (708, '531 Olson Loaf', 'Caryfurt', '54964', 'WI', 368),
    (710, '08506 Lamar Isle', 'Weberburgh', '58689', 'ND', 369),
    (711, '7926 Nakesha Plains', 'Port Jess', '97922', 'OR', 370),
    (714, '59259 Darlene Island', 'New Natoshaberg', '71760', 'AR', 371),
    (715, '535 Shon Loaf', 'Brooksland', '04210', 'ME', 372),
    (720, '126 Crooks Creek', 'Emelinaburgh', '97968', 'OR', 373),
    (722, '873 Abbott Bypass', 'New Mauricioside', '30129', 'GA', 374),
    (725, '118 Dylan Summit', 'Maurofurt', '02688', 'MA', 375),
    (726, '1538 Friesen Plaza', 'North Alonsochester', '59026', 'MT', 376),
    (727, '7768 Jana Junction', 'Ernserville', '28840', 'NC', 377),
    (728, '268 Altenwerth Island', 'Kirlinmouth', '12243', 'NY', 378),
    (730, '2338 Kilback Curve', 'New Clarenceport', '24732', 'WV', 379),
    (731, '0646 Abel Square', 'Meridithfurt', '85084', 'AZ', 380),
    (732, '004 Dickens Turnpike', 'Sofiashire', '22213', 'VA', 381),
    (734, '7967 Maximo Gateway', 'Townestad', '96764', 'HI', 382),
    (735, '14364 Huels Parks', 'Gerlachport', '99043', 'WA', 383),
    (739, '7520 Vance Drives', 'Fletchermouth', '90014', 'CA', 384),
    (740, '981 Joaquina Locks', 'New Mariashire', '44475', 'OH', 385),
    (741, '17939 Nickolas Summit', 'Hisakoport', '18656', 'PA', 386),
    (742, '7230 Bernardina Stravenue', 'West Conchitaside', '83252', 'ID', 387),
    (744, '8827 Emil Underpass', 'New Vince', '54991', 'WI', 388),
    (746, '404 Russell Club', 'Hartmannborough', '46379', 'IN', 389),
    (747, '51822 Jerrold Isle', 'Ahmadville', '46373', 'IN', 390),
    (748, '8487 Rivka Brook', 'Port Pennistad', '71744', 'AR', 391),
    (750, '5433 Mose Lodge', 'Krystinaborough', '38385', 'TN', 392),
    (751, '67173 Howe Avenue', 'Lynchbury', '73095', 'OK', 393),
    (752, '454 Daugherty Plains', 'Lake Geneside', '73032', 'OK', 394),
    (760, '394 Beahan Centers', 'South Sommerfort', '97977', 'OR', 395),
    (764, '14151 Alfredo Gateway', 'South Sanahaven', '59051', 'MT', 396),
    (769, '8279 Crooks Roads', 'Dorindaland', '07661', 'NJ', 397),
    (770, '7337 Lowe Cove', 'Jonesville', '19833', 'DE', 398),
    (771, '0416 Runolfsson View', 'North Alonsochester', '46378', 'IN', 399),
    (773, '3699 Schuster Passage', 'West Rocio', '88068', 'NM', 400),
    (774, '3730 Dexter Ports', 'Vernaburgh', '29995', 'SC', 279),
    (775, '908 Jere Land', 'New Fay', '71788', 'AR', 362),
    (776, '9313 Erdman Lodge', 'Luciushaven', '44490', 'OH', 289),
    (778, '73630 Velma Crescent', 'New Danburgh', '58686', 'ND', 348),
    (780, '5223 Claud Haven', 'Torptown', '59013', 'MT', 246),
    (781, '2953 Sauer Shores', 'Davisfurt', '28822', 'NC', 319),
    (783, '8560 Kreiger Court', 'Port Van', '89872', 'NV', 27),
    (784, '52168 Feeney Mountain', 'Debville', '35058', 'AL', 376),
    (785, '5685 Abbott Flat', 'West Meta', '96755', 'HI', 202),
    (786, '733 Hartmann Skyway', 'Veumview', '58655', 'ND', 12),
    (787, '8947 Ian Locks', 'Beierton', '60023', 'IL', 52),
    (788, '57913 Robel Crest', 'Schummshire', '73033', 'OK', 197),
    (791, '51935 Carita Ford', 'Lake Gerardo', '44452', 'OH', 399),
    (797, '44785 Qiana Spurs', 'North Cliffmouth', '70160', 'LA', 95),
    (799, '950 Logan Ranch', 'Lake Nickyshire', '30149', 'GA', 392),
    (802, '807 Little Ports', 'North Leeburgh', '05013', 'VT', 240),
    (804, '358 Mertz Lakes', 'Hintzville', '05079', 'VT', 249),
    (806, '86953 Corrina Stream', 'North Magnoliaborough', '02688', 'MA', 190),
    (807, '3084 Jeramy Plain', 'East Augustine', '79836', 'TX', 7),
    (814, '40858 Wade Pines', 'Mohrshire', '73095', 'OK', 192),
    (816, '2826 Troy Hill', 'North Scotton', '89835', 'NV', 177),
    (817, '08024 Hodkiewicz Rapid', 'Lake Germainechester', '83247', 'ID', 384),
    (818, '2810 Watsica Expressway', 'Lueilwitzbury', '99562', 'AK', 380),
    (819, '399 Rosette Crossing', 'North Helgaview', '48093', 'MI', 313),
    (823, '52168 Feeney Mountain', 'Watsicamouth', '29946', 'SC', 90),
    (824, '33109 Witting Forks', 'Lake Nikifurt', '29980', 'SC', 395),
    (825, '23733 Legros Unions', 'West Marylee', '02999', 'RI', 313),
    (826, '274 Olson Parkway', 'Tynishaburgh', '38341', 'TN', 339),
    (830, '36574 Rutherford Forest', 'North Piedadshire', '59032', 'MT', 174),
    (833, '0021 Hermiston Port', 'Brindastad', '60048', 'IL', 390),
    (834, '323 Weber Mission', 'Kshlerinborough', '57793', 'SD', 318),
    (837, '82477 Marcelino Prairie', 'Krishnaton', '04214', 'ME', 202),
    (838, '24794 Cassin Lodge', 'Billiemouth', '68824', 'NE', 125),
    (841, '2017 Victor Viaduct', 'Kiehnmouth', '22244', 'VA', 32),
    (851, '954 Macejkovic Inlet', 'East Antony', '46346', 'IN', 184),
    (854, '52168 Feeney Mountain', 'Howellville', '84776', 'UT', 196),
    (858, '452 Mohr Skyway', 'Dickihaven', '55598', 'MN', 95),
    (859, '20953 Stoltenberg Throughway', 'Pourosberg', '80073', 'CO', 319),
    (860, '421 Mraz Isle', 'Wintheiserton', '24765', 'WV', 325),
    (861, '1449 Berry Plaza', 'Raynorton', '89872', 'NV', 60),
    (862, '54300 Otis Neck', 'Fadelstad', '66693', 'KS', 293),
    (863, '358 Benjamin Divide', 'McClureland', '90014', 'CA', 184),
    (868, '1084 Romeo Trafficway', 'Kirlinchester', '18662', 'PA', 211),
    (873, '497 OConnell Shore', 'Port Erick', '38385', 'TN', 20),
    (875, '65131 Nickolas Ways', 'Schoenmouth', '65012', 'MO', 59),
    (878, '3111 Wilderman Flats', 'Kleinberg', '21068', 'MD', 80),
    (879, '352 Hudson Coves', 'South Alaynatown', '12220', 'NY', 173),
    (881, '98694 Bode Mission', 'Hisakoport', '80020', 'CO', 76),
    (883, '0076 Marion Tunnel', 'Brakusshire', '02699', 'MA', 289),
    (884, '1190 Crooks Knoll', 'Thompsonville', '32286', 'FL', 249),
    (887, '29426 Eilene Spur', 'Raleighborough', '88041', 'NM', 312),
    (890, '10263 Ankunding Ways', 'South Maxwellfurt', '89839', 'NV', 220),
    (891, '7768 Jana Junction', 'Port Altagracia', '40461', 'KY', 307),
    (892, '6925 Marcellus Common', 'Antoinebury', '21011', 'MD', 133),
    (893, '53371 Farrell Mission', 'Erinnside', '28840', 'NC', 75),
    (895, '680 Lemke Motorway', 'Lupeborough', '21082', 'MD', 171),
    (896, '85980 Treutel Port', 'West Lisa', '28840', 'NC', 186),
    (899, '8842 Crona Prairie', 'Alphonsofurt', '83252', 'ID', 234),
    (900, '01857 Schimmel Forge', 'East Lenniehaven', '66692', 'KS', 193),
    (902, '7926 Nakesha Plains', 'Jaskolskiborough', '83153', 'WY', 279),
    (904, '872 Sanford Mountain', 'Port Altagracia', '68819', 'NE', 214),
    (906, '1245 Parisian Dale', 'Harlandhaven', '29933', 'SC', 56),
    (912, '6340 Trantow Drives', 'Kurtstad', '29978', 'SC', 173),
    (914, '48731 Jacobson Radial', 'Dooleytown', '03641', 'NH', 344),
    (915, '428 Luettgen Ridges', 'Kertzmannmouth', '99512', 'AK', 254),
    (916, '7321 Swaniawski Ford', 'East Marcus', '66663', 'KS', 336),
    (917, '32632 DAmore Prairie', 'North Violetaborough', '35093', 'AL', 220),
    (919, '704 Beatty Island', 'Gabrielmouth', '65093', 'MO', 264),
    (924, '2161 Jast Parkway', 'West Darin', '29926', 'SC', 39),
    (926, '54344 Zack Ports', 'North Cliffmouth', '05019', 'VT', 373),
    (927, '421 Mraz Isle', 'South Jerroldhaven', '65093', 'MO', 205),
    (928, '02322 Monty Mountain', 'East Jerica', '38330', 'TN', 61),
    (929, '2419 Lawrence Pine', 'Leannaport', '35017', 'AL', 116),
    (930, '5711 Helga Plain', 'New Curtbury', '59040', 'MT', 279),
    (931, '69130 Hae Alley', 'North Yulanda', '83199', 'WY', 304),
    (932, '18949 Bogan Well', 'Billiemouth', '55524', 'MN', 313),
    (934, '22432 Skiles Rapids', 'Port Sandraview', '44446', 'OH', 314),
    (938, '22461 Eldridge Lights', 'Elwoodshire', '90077', 'CA', 43),
    (939, '01634 Fay Greens', 'Damarisview', '48022', 'MI', 66),
    (940, '310 Wilburn Light', 'North Violetaborough', '68819', 'NE', 160),
    (942, '63028 Jame Mills', 'Kelvinburgh', '28874', 'NC', 256),
    (948, '94068 Delorse Squares', 'Irmgardmouth', '04214', 'ME', 398),
    (950, '7130 Julienne Forks', 'Mickeyport', '97942', 'OR', 14),
    (951, '9885 Funk Village', 'South Celesta', '46320', 'IN', 349),
    (952, '8690 Schuster Cliff', 'Lake Lanellside', '21061', 'MD', 91),
    (953, '0666 Colin Pine', 'North Cliffmouth', '48015', 'MI', 322),
    (955, '94068 Delorse Squares', 'East Ona', '54968', 'WI', 255),
    (956, '0048 Rosendo Estates', 'Lake Adalbertoville', '38752', 'MS', 283),
    (960, '7214 Korey Port', 'Kiethview', '35014', 'AL', 268),
    (961, '991 Waelchi Canyon', 'Jaskolskiborough', '44423', 'OH', 362),
    (965, '38614 Dach Rapid', 'New Bernadine', '06141', 'CT', 336),
    (968, '57913 Robel Crest', 'Lucienburgh', '21044', 'MD', 26),
    (970, '1454 Ledner Walks', 'New Aretha', '35094', 'AL', 171),
    (972, '64267 Carola Prairie', 'West Kellie', '24726', 'WV', 359),
    (973, '16101 Richie Island', 'North Delindaport', '99597', 'AK', 103),
    (974, '0653 Franecki Alley', 'Kautzerland', '59014', 'MT', 225),
    (975, '1538 Friesen Plaza', 'Hackettberg', '59017', 'MT', 1),
    (977, '89216 Delma Harbor', 'North Tobias', '02959', 'RI', 47),
    (979, '7674 Thiel Orchard', 'Kortneymouth', '38365', 'TN', 215),
    (980, '1087 Rosenbaum Mountain', 'Chanelstad', '57729', 'SD', 128),
    (982, '36907 Gleason Curve', 'New Jordanville', '70176', 'LA', 321),
    (984, '24049 Hodkiewicz Drive', 'Schoentown', '35079', 'AL', 179),
    (986, '6126 Wintheiser Hill', 'North Billystad', '65028', 'MO', 325),
    (989, '55917 Koelpin Village', 'Wildermanmouth', '71736', 'AR', 1),
    (990, '1919 Franklyn Brooks', 'Gottliebberg', '84749', 'UT', 17),
    (991, '631 Chung Springs', 'Edrisside', '24787', 'WV', 49),
    (994, '903 Luettgen Expressway', 'Benjaminville', '99091', 'WA', 147),
    (995, '680 Lemke Motorway', 'Dickinsonville', '05092', 'VT', 198),
    (997, '0567 Claire Road', 'South Darrylfort', '59015', 'MT', 68),
    (1000, '32374 Hills Trail', 'Danialbury', '66614', 'KS', 316),
    (1003, '2541 Nicolas Crest', 'North Rocky', '85040', 'AZ', 230),
    (1006, '1285 Elina Field', 'Baumbachhaven', '90082', 'CA', 114),
    (1007, '14253 Padberg Street', 'Walkershire', '32270', 'FL', 242),
    (1008, '2541 Nicolas Crest', 'Mertzstad', '29966', 'SC', 138),
    (1009, '648 Kayleen Mountain', 'New Antionettemouth', '79871', 'TX', 283),
    (1010, '38614 Dach Rapid', 'Rennerstad', '65027', 'MO', 214),
    (1011, '118 Dylan Summit', 'North Darcelville', '55527', 'MN', 127),
    (1013, '126 Crooks Creek', 'North Rocky', '65028', 'MO', 374),
    (1014, '88381 Buckridge Fort', 'West Dorian', '05013', 'VT', 302),
    (1015, '8605 Benito Greens', 'Wilsonborough', '70147', 'LA', 64),
    (1017, '6038 Jasper Curve', 'East Augustus', '38740', 'MS', 313),
    (1023, '05425 Alia Ports', 'East Alvinborough', '05019', 'VT', 377),
    (1025, '5198 Herzog Hills', 'Port Tiffanie', '02670', 'MA', 364),
    (1028, '595 Sherwood Trail', 'North Billystad', '46368', 'IN', 199),
    (1029, '5047 Crooks Village', 'Port Brett', '07633', 'NJ', 57),
    (1031, '4677 Heller Mount', 'West Marylee', '03679', 'NH', 178),
    (1032, '4793 Justin Square', 'VonRuedentown', '85042', 'AZ', 252),
    (1033, '4725 Robbie Mall', 'Port Winstonville', '88047', 'NM', 256),
    (1034, '8998 Keebler Springs', 'Vannesaside', '29983', 'SC', 194),
    (1036, '3835 Damon Throughway', 'Olsonfurt', '85053', 'AZ', 1),
    (1037, '441 Kai Prairie', 'East Mckinley', '32263', 'FL', 262),
    (1038, '15393 Wuckert Spring', 'Lake Sherwood', '38365', 'TN', 233),
    (1040, '9291 Moore Circle', 'Lynshire', '02988', 'RI', 243),
    (1041, '21713 Estefana Mountains', 'Jacobistad', '54972', 'WI', 261),
    (1042, '15486 Linnea Green', 'Lake Virginiaburgh', '04229', 'ME', 281),
    (1043, '55349 Emmitt Radial', 'Lake Chang', '03626', 'NH', 302),
    (1044, '0930 Price Gardens', 'North Magnoliaborough', '18677', 'PA', 24),
    (1045, '507 Powlowski Lodge', 'Carrolltown', '18698', 'PA', 282),
    (1046, '008 Mayer Bypass', 'West Mabelview', '38738', 'MS', 165),
    (1047, '47650 Mika Lodge', 'West Meta', '85086', 'AZ', 101),
    (1049, '728 Jast Keys', 'Joanachester', '18658', 'PA', 64),
    (1052, '163 Cyril Field', 'North Brunofurt', '84796', 'UT', 265),
    (1056, '939 Oren Field', 'Port Fausto', '85084', 'AZ', 346),
    (1057, '5087 Hilario Corners', 'Karimaburgh', '29978', 'SC', 169),
    (1058, '79884 Joesph Views', 'East Nancy', '68824', 'NE', 113),
    (1060, '86953 Corrina Stream', 'Ebonyberg', '71736', 'AR', 101),
    (1061, '131 Schuster Route', 'Eduardoton', '40427', 'KY', 59),
    (1062, '47791 Sterling Point', 'Lucienburgh', '29975', 'SC', 25),
    (1064, '1216 Federico Brook', 'Bruenfurt', '18658', 'PA', 30),
    (1065, '51825 Elvis Route', 'Machelletown', '30131', 'GA', 383),
    (1066, '26058 Eugenio Parks', 'Assuntamouth', '04264', 'ME', 331),
    (1068, '2496 Kerluke Extension', 'Port Christianside', '60018', 'IL', 168),
    (1072, '173 Lucila Cape', 'Port Portiaberg', '38784', 'MS', 25),
    (1076, '73122 Vesta Alley', 'North Violetville', '24733', 'WV', 101),
    (1079, '0227 Daugherty Squares', 'North Marcos', '05099', 'VT', 246),
    (1080, '17607 Jerrold Stravenue', 'North Brunofurt', '18677', 'PA', 136),
    (1081, '64762 Brigette Plain', 'Lebsackchester', '90082', 'CA', 241),
    (1082, '3027 Albert Street', 'Port Brett', '57793', 'SD', 41),
    (1083, '744 Idell Tunnel', 'Lake Aisha', '99571', 'AK', 211),
    (1085, '013 Johnson Fort', 'Lake Fernandeshire', '38320', 'TN', 390),
    (1087, '008 Rolfson Row', 'Torphyfort', '79839', 'TX', 251),
    (1089, '16763 Vernita Mountains', 'Lake Izetta', '68878', 'NE', 294),
    (1090, '87512 Kuhic Route', 'North Alia', '83273', 'ID', 74),
    (1093, '73940 Rath Spring', 'Lake Dominique', '12211', 'NY', 104),
    (1095, '6064 Thompson Wells', 'North Brian', '80056', 'CO', 293),
    (1096, '850 Blick Ville', 'Wernerfort', '66667', 'KS', 333),
    (1097, '187 Ward Unions', 'Schoentown', '30182', 'GA', 51),
    (1098, '4475 Luettgen Stravenue', 'Howellfort', '06141', 'CT', 121),
    (1099, '89216 Delma Harbor', 'Lubowitzstad', '88096', 'NM', 398),
    (1100, '47650 Mika Lodge', 'North Jeromy', '55524', 'MN', 366),
    (1102, '3835 Damon Throughway', 'Mickeyport', '06130', 'CT', 41),
    (1104, '567 Quigley Turnpike', 'New Mellisaton', '02688', 'MA', 221),
    (1109, '3633 Turner Ramp', 'Mckenziechester', '21037', 'MD', 9),
    (1112, '24470 Schumm Throughway', 'West Annetta', '59012', 'MT', 229),
    (1116, '126 Crooks Creek', 'Port Edwinstad', '99596', 'AK', 92),
    (1118, '897 Ethelyn Pine', 'Wilkinsonport', '99028', 'WA', 246),
    (1121, '935 Kathryne Tunnel', 'Port Chassidyshire', '38320', 'TN', 325),
    (1123, '788 Adrian Oval', 'Jonesville', '35048', 'AL', 126),
    (1127, '4881 Ortiz Ville', 'South Numbers', '65028', 'MO', 60),
    (1128, '36055 Anya Station', 'Lake Donnie', '83274', 'ID', 323),
    (1130, '387 Stanton Summit', 'Hackettberg', '38356', 'TN', 59),
    (1135, '481 Durgan Manor', 'West Deedeeville', '28822', 'NC', 292),
    (1141, '903 Luettgen Expressway', 'New Mellisaton', '68826', 'NE', 225),
    (1142, '3139 Valentin Mews', 'Gottliebberg', '71733', 'AR', 29),
    (1143, '254 Donny Station', 'East Odell', '65093', 'MO', 345),
    (1144, '25364 Elmo Meadows', 'Emmerichborough', '54956', 'WI', 2),
    (1146, '771 Fahey Cove', 'Howellville', '29971', 'SC', 30),
    (1149, '58608 Padberg Lock', 'Port Kasandrabury', '58684', 'ND', 181),
    (1153, '454 Daugherty Plains', 'Lake Nicholasbury', '12290', 'NY', 293),
    (1154, '173 Lucila Cape', 'West Darci', '29969', 'SC', 129),
    (1157, '254 Harvey Loop', 'Port Sandraview', '79855', 'TX', 339),
    (1159, '227 Beatty Point', 'East Twilachester', '71710', 'AR', 337),
    (1160, '872 Sheridan Well', 'New Timothyland', '59032', 'MT', 139),
    (1161, '971 Nathanael Fork', 'Beierton', '21037', 'MD', 325),
    (1162, '3111 Wilderman Flats', 'Metzhaven', '38325', 'TN', 100),
    (1167, '323 Myong Roads', 'North Ofeliatown', '21064', 'MD', 323),
    (1168, '0658 Haywood Ramp', 'Rivaland', '66676', 'KS', 213),
    (1169, '7520 Vance Drives', 'Gilbertofort', '83125', 'WY', 213),
    (1174, '52168 Feeney Mountain', 'Lake Ginohaven', '30124', 'GA', 275),
    (1176, '73939 Cecil Spring', 'New Roselleville', '83225', 'ID', 11),
    (1178, '26660 Schiller Radial', 'North Antonio', '71710', 'AR', 92),
    (1180, '3699 Schuster Passage', 'Stromanmouth', '83225', 'ID', 61),
    (1181, '943 Yessenia Bridge', 'Walkerville', '07638', 'NJ', 292),
    (1182, '73630 Velma Crescent', 'New Liz', '02924', 'RI', 287),
    (1183, '5112 Stracke Squares', 'New Tomeka', '73032', 'OK', 384),
    (1184, '530 Sean Circles', 'North Mimistad', '48093', 'MI', 318),
    (1189, '9269 Jonie Ville', 'Lake Cyril', '83225', 'ID', 320),
    (1191, '004 Dickens Turnpike', 'Collinsside', '99090', 'WA', 254),
    (1192, '488 Grover Ways', 'Caryfurt', '99562', 'AK', 95),
    (1193, '358 Benjamin Divide', 'Lake Shantelleshire', '35014', 'AL', 394),
    (1194, '60551 Baumbach Island', 'Mickeyport', '32276', 'FL', 120),
    (1196, '0642 Gislason Alley', 'South Rosalba', '65024', 'MO', 89),
    (1197, '3349 Lebsack Valleys', 'Batzborough', '30149', 'GA', 256),
    (1198, '9872 Bok Lakes', 'Lake Lanellside', '32263', 'FL', 237),
    (1199, '69130 Hae Alley', 'West Emilio', '66615', 'KS', 62),
    (1206, '567 Quigley Turnpike', 'East Odell', '12264', 'NY', 7),
    (1207, '6925 Marcellus Common', 'Port Micah', '88096', 'NM', 339),
    (1212, '82456 Sung Valleys', 'West Walter', '80034', 'CO', 158),
    (1213, '1245 Parisian Dale', 'Heidenreichmouth', '07648', 'NJ', 307),
    (1214, '6126 Wintheiser Hill', 'Chrisport', '85033', 'AZ', 67),
    (1216, '57515 Spinka Terrace', 'Harveyborough', '80058', 'CO', 158),
    (1218, '842 Cletus Springs', 'Lake Edwardo', '02934', 'RI', 124),
    (1219, '0291 Windler Flats', 'Adalbertoport', '28890', 'NC', 210),
    (1221, '29426 Eilene Spur', 'East Augustine', '97976', 'OR', 376),
    (1225, '39013 Collins Stream', 'Stromanmouth', '58680', 'ND', 342),
    (1226, '40209 Ortiz Views', 'West Agatha', '38719', 'MS', 233),
    (1227, '3332 Glen Pike', 'North Josephinaside', '71741', 'AR', 320),
    (1228, '7589 Markus Ridge', 'McClurehaven', '04275', 'ME', 256),
    (1229, '385 Sanford Land', 'North Major', '38390', 'TN', 202),
    (1231, '537 Boris Estates', 'Dickihaven', '83125', 'WY', 394),
    (1232, '99801 Mitchell Ford', 'Codyside', '46320', 'IN', 219),
    (1234, '37489 Bode Mission', 'Nitzscheport', '44436', 'OH', 6),
    (1236, '535 Hintz Forges', 'Alphonsofurt', '35091', 'AL', 283),
    (1238, '592 Barney Squares', 'North Kerryfort', '22219', 'VA', 366),
    (1240, '85549 Wilmer Junctions', 'Wernerfort', '54912', 'WI', 29),
    (1241, '274 Olson Parkway', 'Jonesville', '99580', 'AK', 275),
    (1242, '7911 Brandy Heights', 'Lake Ellabury', '59032', 'MT', 139),
    (1244, '36317 Logan Trail', 'New Mathew', '07665', 'NJ', 20),
    (1245, '327 Al Summit', 'South Cyrstalshire', '38377', 'TN', 163),
    (1252, '2630 Auer Trafficway', 'Lake Giachester', '46375', 'IN', 240),
    (1253, '1774 Eugenie Stream', 'West Mitchelport', '58678', 'ND', 50),
    (1255, '342 Cole Prairie', 'Arielstad', '35029', 'AL', 118),
    (1256, '51822 Jerrold Isle', 'New Delora', '71777', 'AR', 356),
    (1257, '5169 Funk Valley', 'Lake Ivachester', '73045', 'OK', 374),
    (1258, '379 Easter Streets', 'New Colinview', '83174', 'WY', 282),
    (1261, '594 Bartoletti Flats', 'South Niaton', '02699', 'MA', 275),
    (1264, '6925 Marcellus Common', 'Mindiburgh', '21012', 'MD', 240),
    (1266, '326 Lueilwitz Trace', 'Schummshire', '66693', 'KS', 73),
    (1267, '785 Treutel Land', 'Assuntamouth', '38732', 'MS', 126),
    (1270, '3748 Gustavo Views', 'New Faustinofort', '89870', 'NV', 27),
    (1271, '635 Willy Wall', 'Olenhaven', '58663', 'ND', 316),
    (1273, '849 Stamm Fall', 'New Friedaton', '18656', 'PA', 25),
    (1274, '354 Cummings Rest', 'Mertzstad', '66644', 'KS', 70),
    (1277, '3084 Jeramy Plain', 'New Ellamae', '22217', 'VA', 386),
    (1280, '39013 Collins Stream', 'Mindiburgh', '29971', 'SC', 174),
    (1281, '59157 Hand Key', 'Lake Cecil', '79836', 'TX', 352),
    (1284, '7384 Bahringer Burgs', 'North Albert', '02964', 'RI', 190),
    (1285, '42005 Wunsch Turnpike', 'Port Saundra', '40441', 'KY', 295),
    (1287, '73939 Cecil Spring', 'West Lakitamouth', '30115', 'GA', 244),
    (1288, '6126 Wintheiser Hill', 'Lueilwitzbury', '54951', 'WI', 296),
    (1289, '1022 Torphy Land', 'Milagrosbury', '48095', 'MI', 305),
    (1292, '54300 Otis Neck', 'Isaiastown', '51048', 'IA', 367),
    (1296, '40171 Adam Forks', 'Watsicamouth', '29989', 'SC', 326),
    (1297, '71457 Sunny Island', 'Valstad', '65049', 'MO', 305),
    (1298, '27483 Upton Fort', 'Port Marquisfort', '99542', 'AK', 324),
    (1300, '624 McKenzie Key', 'Stromanmouth', '02999', 'RI', 119),
    (1301, '7593 Winter Plaza', 'North Vinitafurt', '59014', 'MT', 251),
    (1302, '7946 Lisbeth Fall', 'Westside', '46320', 'IN', 266),
    (1303, '0133 Marvin River', 'Arielstad', '03689', 'NH', 40),
    (1304, '56828 Ferry Springs', 'South Hollieshire', '79815', 'TX', 329),
    (1305, '087 Vandervort Ports', 'East Debbi', '38372', 'TN', 119),
    (1306, '0133 Marvin River', 'Marshaport', '97960', 'OR', 134),
    (1308, '7776 Roob Passage', 'Treutelport', '83216', 'ID', 349),
    (1309, '613 Gottlieb Lights', 'South Alaynatown', '51095', 'IA', 376),
    (1310, '05425 Alia Ports', 'Pacochaland', '30142', 'GA', 1),
    (1316, '7979 Ann Forge', 'Batzborough', '06165', 'CT', 308),
    (1319, '228 Marlon Summit', 'Jodishire', '99043', 'WA', 324),
    (1322, '1856 Murray Land', 'South Clydebury', '80087', 'CO', 34),
    (1323, '0445 Gaylord Locks', 'South Dewey', '88071', 'NM', 385),
    (1324, '076 Hane Knoll', 'Port Derrick', '24797', 'WV', 121),
    (1326, '497 OConnell Shore', 'Rochellside', '12264', 'NY', 106),
    (1331, '093 Schneider Mountain', 'West Gaynelle', '57770', 'SD', 327),
    (1332, '71712 Alica Village', 'West Geniefurt', '97990', 'OR', 366),
    (1336, '581 Stark Ridge', 'Chaseside', '99067', 'WA', 227),
    (1337, '850 Blick Ville', 'Kortneymouth', '58684', 'ND', 93),
    (1338, '14963 Bayer Forges', 'Pacochaland', '65091', 'MO', 243),
    (1343, '169 Ricardo Branch', 'Considineton', '38389', 'TN', 295),
    (1348, '105 Ilene Pines', 'East Miles', '66665', 'KS', 373),
    (1351, '1526 Farah Cove', 'Abbottmouth', '35048', 'AL', 268),
    (1353, '8032 Chantay Station', 'Lake Cecil', '07674', 'NJ', 312),
    (1354, '35777 Zemlak Inlet', 'North Yulanda', '22287', 'VA', 212),
    (1356, '6038 Jasper Curve', 'North Johnnytown', '71769', 'AR', 25),
    (1358, '2176 Trudie Pike', 'Maurofurt', '29962', 'SC', 170),
    (1359, '20106 Rickie Greens', 'Bradtkeside', '29992', 'SC', 280),
    (1361, '3959 Fisher Pike', 'Koelpinshire', '54920', 'WI', 214),
    (1362, '302 Buddy Rapid', 'Port Mylesberg', '24744', 'WV', 229),
    (1363, '14963 Bayer Forges', 'South Winford', '30115', 'GA', 336),
    (1364, '9067 Rath Manors', 'West Chiatown', '06110', 'CT', 61),
    (1367, '51822 Jerrold Isle', 'North Violetville', '21011', 'MD', 301),
    (1368, '9340 Lockman Estates', 'Krishnaton', '84758', 'UT', 159),
    (1372, '352 Hoppe Club', 'North Jaestad', '05024', 'VT', 290),
    (1373, '1022 Torphy Land', 'New Lonnymouth', '38356', 'TN', 335),
    (1375, '0646 Abel Square', 'Port Jeffryton', '46342', 'IN', 88),
    (1377, '954 Macejkovic Inlet', 'North Shanitafurt', '44425', 'OH', 219),
    (1378, '16101 Richie Island', 'Linwoodside', '66698', 'KS', 223),
    (1385, '3235 Hugo Forks', 'Lake Scarlettchester', '59013', 'MT', 305),
    (1386, '21312 Schaefer Port', 'Richfort', '40461', 'KY', 333),
    (1388, '878 Friesen Club', 'Lake Nikifurt', '58698', 'ND', 96),
    (1391, '18949 Bogan Well', 'Tuanstad', '83180', 'WY', 381),
    (1399, '827 Merrill Island', 'West Star', '48058', 'MI', 161),
    (1400, '092 Stiedemann Brook', 'Ilamouth', '71748', 'AR', 117),
    (1401, '5119 Janene Fall', 'South Marentown', '65091', 'MO', 127),
    (1402, '7273 Deckow Grove', 'Zackstad', '02964', 'RI', 17),
    (1404, '8998 Keebler Springs', 'South Harrietteview', '06154', 'CT', 142),
    (1407, '410 Eugene Shoal', 'Isaiastown', '84710', 'UT', 20),
    (1408, '5906 Abdul Village', 'Port Erick', '85039', 'AZ', 117),
    (1410, '18259 Jed Ridges', 'Raynorton', '03675', 'NH', 230),
    (1413, '28083 Von Trail', 'Port Erick', '02999', 'RI', 230),
    (1417, '4585 Orn Radial', 'Ebertfurt', '54991', 'WI', 178),
    (1418, '158 Cristi Ferry', 'Shieldsbury', '79852', 'TX', 9),
    (1422, '8487 Rivka Brook', 'North Creola', '60074', 'IL', 130),
    (1423, '2504 Calvin Branch', 'Hoegerland', '57728', 'SD', 236),
    (1424, '013 Johnson Fort', 'Lake Javier', '05088', 'VT', 293),
    (1425, '14151 Alfredo Gateway', 'Joeyfort', '99561', 'AK', 5),
    (1428, '610 Timothy Park', 'Christiansenside', '35058', 'AL', 277),
    (1431, '5433 Mose Lodge', 'West Candelariamouth', '66676', 'KS', 351),
    (1432, '30998 Boehm Crossing', 'Lake Agneston', '30141', 'GA', 22),
    (1434, '0133 Marvin River', 'East Jeanette', '29961', 'SC', 199),
    (1436, '8100 Beahan Port', 'East Rufus', '85013', 'AZ', 150),
    (1437, '7828 Mittie Alley', 'West Loma', '02699', 'MA', 203),
    (1439, '45609 Raymond Inlet', 'Krystinaborough', '21044', 'MD', 273),
    (1442, '0048 Rosendo Estates', 'Tomikohaven', '97977', 'OR', 277),
    (1444, '1449 Berry Plaza', 'Watsicamouth', '02666', 'MA', 93),
    (1445, '0227 Daugherty Squares', 'East Antony', '30197', 'GA', 399),
    (1447, '7253 Jerde Ridge', 'Adelemouth', '46371', 'IN', 10),
    (1448, '878 Friesen Club', 'New Shaquanamouth', '79849', 'TX', 364),
    (1449, '8487 Rivka Brook', 'East Jeanette', '38719', 'MS', 90),
    (1450, '811 Wehner Pass', 'New Halville', '48010', 'MI', 182),
    (1453, '153 Wunsch Parkways', 'Lake Vicente', '04264', 'ME', 249),
    (1454, '46579 Otto Knoll', 'Phuongton', '66663', 'KS', 330),
    (1456, '15332 Kozey Falls', 'Manualview', '40455', 'KY', 38),
    (1457, '6925 Parker Creek', 'Port Lakeesha', '24733', 'WV', 160),
    (1459, '26660 Schiller Radial', 'Stiedemanntown', '07639', 'NJ', 230),
    (1461, '33109 Witting Forks', 'West Winniemouth', '05088', 'VT', 334),
    (1462, '99801 Mitchell Ford', 'Jonesville', '97960', 'OR', 215),
    (1464, '098 Mitchell Corner', 'North Elida', '30183', 'GA', 400),
    (1469, '51428 Nolan Parkways', 'Millschester', '65056', 'MO', 284),
    (1472, '531 Bechtelar Vista', 'Lynchbury', '66667', 'KS', 56),
    (1476, '5000 Luis Spring', 'Schoenmouth', '32251', 'FL', 266),
    (1478, '8220 Cummerata Square', 'Saranside', '12264', 'NY', 84),
    (1479, '771 Fahey Cove', 'North Lala', '71724', 'AR', 19),
    (1480, '684 Gaye Coves', 'Port Ralphburgh', '02688', 'MA', 69),
    (1481, '5000 Luis Spring', 'South Colton', '54936', 'WI', 398),
    (1482, '6687 Vannesa Loaf', 'Alejandroton', '21068', 'MD', 375),
    (1483, '4802 Mckinley Village', 'Lake Yasmine', '68824', 'NE', 96),
    (1488, '5599 Heaney Ramp', 'Bahringerburgh', '79839', 'TX', 112),
    (1489, '247 Schuppe Way', 'West Abbystad', '66692', 'KS', 22),
    (1493, '40021 Lawerence Loaf', 'Byronstad', '22287', 'VA', 52),
    (1494, '733 Shaun Port', 'Port Margert', '40453', 'KY', 215),
    (1498, '6073 Krajcik Streets', 'Blicktown', '29975', 'SC', 229),
    (1499, '4802 Mckinley Village', 'Jeanenebury', '46380', 'IN', 120),
    (1501, '077 Matthew Pine', 'Gabrielmouth', '60080', 'IL', 246),
    (1503, '3311 Rodriguez Crossroad', 'North Desmond', '46310', 'IN', 197),
    (1504, '443 Schroeder Unions', 'West Marylee', '83262', 'ID', 141),
    (1509, '323 Vandervort Court', 'Rennerstad', '06154', 'CT', 184),
    (1510, '503 Salvador Corner', 'New Timmouth', '85017', 'AZ', 295),
    (1512, '94801 Zboncak Glen', 'Lake Scot', '85017', 'AZ', 284),
    (1513, '8690 Schuster Cliff', 'Schroedermouth', '90060', 'CA', 258),
    (1516, '749 Greenfelder Overpass', 'North Magnoliaborough', '99553', 'AK', 134),
    (1518, '906 Mariel Path', 'North Alysiastad', '55544', 'MN', 325),
    (1524, '8728 Melanie Court', 'Bernardtown', '57740', 'SD', 393),
    (1528, '1022 Torphy Land', 'South Felton', '89872', 'NV', 298),
    (1530, '2810 Watsica Expressway', 'Cliffland', '22213', 'VA', 55),
    (1531, '104 Greenfelder Fort', 'New Darrellfurt', '70119', 'LA', 168),
    (1532, '60338 Mose Circle', 'Ivanburgh', '02912', 'RI', 37),
    (1533, '507 Powlowski Lodge', 'Romanchester', '38365', 'TN', 367),
    (1534, '56933 Langosh Motorway', 'Reichertside', '84776', 'UT', 50),
    (1536, '1686 Moshe Skyway', 'West Geniefurt', '59014', 'MT', 328),
    (1537, '4700 Bernarda Square', 'Port Shalandahaven', '07692', 'NJ', 134),
    (1539, '89061 Owen Terrace', 'Port Van', '04275', 'ME', 61),
    (1540, '34405 Mueller Course', 'Claireberg', '32288', 'FL', 44),
    (1541, '3699 Schuster Passage', 'Clementehaven', '06141', 'CT', 61),
    (1542, '243 Harry Lodge', 'North Joanfort', '12242', 'NY', 312),
    (1544, '742 Carissa Trafficway', 'Miltonfort', '29961', 'SC', 265),
    (1550, '9053 Hester Lake', 'East Virgiliostad', '48010', 'MI', 172),
    (1551, '452 Mohr Skyway', 'Gaylordhaven', '97969', 'OR', 251),
    (1552, '2161 Jast Parkway', 'New Arden', '85086', 'AZ', 88),
    (1554, '3959 Fisher Pike', 'Rivaland', '83166', 'WY', 389),
    (1555, '6687 Vannesa Loaf', 'Lupeborough', '22244', 'VA', 36),
    (1556, '0840 Turner Parkway', 'Port Una', '38765', 'MS', 395),
    (1557, '08717 Grimes Cape', 'Framimouth', '19833', 'DE', 86),
    (1560, '2504 Calvin Branch', 'Latoshaside', '99091', 'WA', 156),
    (1561, '428 Luettgen Ridges', 'Miltonfort', '59014', 'MT', 253),
    (1565, '327 Al Summit', 'North Lakeeshaville', '05013', 'VT', 133),
    (1566, '29426 Eilene Spur', 'Morissetteville', '88096', 'NM', 243),
    (1567, '187 Ward Unions', 'Lueilwitzbury', '32286', 'FL', 388),
    (1569, '1856 Murray Land', 'Mosciskiville', '55530', 'MN', 395),
    (1576, '24083 Shanelle Islands', 'Christiansenport', '65029', 'MO', 99),
    (1577, '26058 Eugenio Parks', 'South Toccara', '48047', 'MI', 9),
    (1578, '18190 Felicidad Terrace', 'North Scotton', '84776', 'UT', 20);
END $$
DELIMITER ;


DELIMITER $$
CREATE OR REPLACE PROCEDURE GenerateInventoryTableData()
BEGIN
INSERT INTO inventory
    (item_id, product_name, sales_price, description, menu_img)
VALUES
    (1, 'Gorgeous Plastic Shirt', 10.15, null, null),
    (2, 'Heavy Duty Silk Computer', 17.69, null, null),
    (3, 'Small Wooden Bottle', 6.35, null, null),
    (4, 'Incredible Linen Shirt', 10.81, null, null),
    (5, 'Durable Granite Knife', 27.35, null, null);
END $$
DELIMITER ;


DELIMITER $$
CREATE OR REPLACE PROCEDURE GenerateInvoiceItemTableData()
BEGIN
INSERT INTO invoice_item
    (invoice_id, quantity, inventory_id, order_id)
VALUES
    (2, 2, 3, 2),
    (3, 1, 4, 3),
    (4, 1, 3, 6),
    (6, 3, 4, 8),
    (7, 2, 1, 9),
    (9, 1, 3, 10),
    (10, 3, 1, 13),
    (11, 3, 3, 18),
    (13, 2, 3, 20),
    (14, 2, 2, 22),
    (16, 1, 4, 23),
    (17, 1, 1, 24),
    (20, 3, 1, 25),
    (23, 2, 3, 26),
    (26, 3, 5, 27),
    (27, 3, 3, 29),
    (33, 3, 4, 32),
    (35, 2, 3, 34),
    (36, 2, 4, 36),
    (37, 1, 3, 37),
    (39, 1, 4, 40),
    (40, 1, 5, 43),
    (43, 1, 4, 44),
    (44, 2, 5, 46),
    (46, 1, 4, 47),
    (47, 2, 2, 48),
    (48, 1, 3, 53),
    (49, 3, 3, 54),
    (50, 1, 4, 55),
    (52, 3, 4, 57),
    (53, 1, 3, 59),
    (55, 2, 1, 61),
    (56, 1, 3, 64),
    (60, 3, 2, 67),
    (61, 3, 5, 69),
    (62, 3, 3, 70),
    (65, 1, 5, 72),
    (66, 1, 2, 73),
    (69, 3, 5, 79),
    (72, 3, 2, 80),
    (73, 1, 1, 81),
    (75, 2, 5, 85),
    (78, 3, 4, 86),
    (79, 2, 1, 88),
    (82, 3, 4, 89),
    (83, 3, 3, 91),
    (85, 2, 1, 93),
    (86, 2, 3, 94),
    (87, 1, 1, 95),
    (88, 2, 5, 96),
    (89, 3, 2, 97),
    (90, 1, 1, 98),
    (92, 3, 5, 103),
    (94, 2, 5, 108),
    (97, 2, 5, 110),
    (99, 3, 2, 111),
    (100, 2, 4, 113),
    (102, 3, 1, 115),
    (105, 3, 3, 117),
    (108, 1, 5, 118),
    (109, 3, 4, 119),
    (110, 1, 2, 121),
    (114, 3, 5, 122),
    (115, 2, 2, 125),
    (120, 1, 1, 126),
    (121, 2, 1, 127),
    (123, 3, 4, 128),
    (127, 3, 4, 131),
    (128, 2, 2, 132),
    (132, 3, 2, 135),
    (133, 1, 3, 142),
    (136, 1, 4, 146),
    (138, 2, 1, 147),
    (141, 2, 4, 148),
    (144, 3, 3, 150),
    (148, 2, 4, 151),
    (149, 3, 5, 153),
    (151, 1, 3, 154),
    (154, 2, 4, 156),
    (155, 1, 3, 157),
    (156, 1, 3, 158),
    (157, 3, 2, 164),
    (159, 3, 2, 170),
    (161, 1, 3, 171),
    (163, 1, 2, 172),
    (164, 1, 4, 175),
    (165, 3, 4, 177),
    (166, 3, 4, 181),
    (169, 3, 1, 182),
    (170, 1, 2, 184),
    (171, 2, 1, 185),
    (172, 2, 5, 188),
    (174, 1, 1, 189),
    (175, 1, 5, 190),
    (177, 2, 4, 192),
    (183, 2, 1, 201),
    (187, 3, 3, 202),
    (190, 2, 1, 203),
    (192, 1, 4, 204),
    (194, 1, 1, 205),
    (195, 2, 2, 85),
    (196, 3, 5, 122),
    (197, 2, 3, 156),
    (200, 2, 4, 113),
    (207, 2, 2, 23),
    (208, 2, 1, 125),
    (212, 3, 2, 26),
    (215, 3, 1, 22),
    (216, 2, 5, 125),
    (221, 1, 2, 202),
    (224, 2, 3, 156),
    (226, 2, 1, 23),
    (229, 1, 2, 59),
    (236, 2, 3, 117),
    (239, 2, 1, 118),
    (242, 2, 3, 125),
    (243, 1, 4, 2),
    (244, 3, 1, 203),
    (246, 2, 1, 142),
    (250, 2, 5, 157),
    (254, 3, 2, 131),
    (255, 3, 1, 132),
    (256, 2, 4, 40),
    (257, 1, 1, 46),
    (258, 3, 1, 113),
    (259, 2, 3, 59),
    (260, 3, 2, 23),
    (261, 3, 3, 125),
    (262, 1, 3, 122),
    (263, 1, 2, 23),
    (264, 1, 1, 190),
    (265, 3, 3, 23),
    (267, 2, 2, 79),
    (268, 2, 3, 97),
    (273, 2, 1, 55),
    (277, 3, 1, 93),
    (278, 2, 1, 34),
    (280, 1, 5, 26),
    (284, 2, 2, 132),
    (285, 2, 2, 9),
    (286, 2, 3, 132),
    (289, 3, 1, 111),
    (292, 2, 5, 95),
    (293, 3, 1, 170),
    (294, 1, 3, 9),
    (300, 3, 1, 27),
    (301, 1, 4, 2),
    (302, 3, 5, 94),
    (303, 3, 1, 146),
    (304, 3, 4, 122),
    (306, 1, 2, 55),
    (307, 2, 1, 85),
    (308, 3, 5, 23),
    (310, 1, 5, 96),
    (314, 3, 2, 148),
    (318, 1, 4, 37),
    (319, 1, 4, 113),
    (320, 1, 2, 85),
    (321, 1, 4, 6),
    (324, 3, 4, 81),
    (325, 2, 3, 23),
    (332, 1, 4, 46),
    (334, 3, 2, 203),
    (336, 3, 5, 188),
    (337, 1, 3, 131),
    (339, 2, 2, 23),
    (340, 2, 5, 40),
    (341, 2, 1, 150),
    (343, 3, 4, 91),
    (347, 3, 2, 132),
    (350, 3, 5, 25),
    (352, 1, 4, 156),
    (355, 1, 4, 48),
    (356, 2, 4, 32),
    (358, 3, 3, 146),
    (359, 1, 3, 190),
    (362, 2, 3, 184),
    (364, 2, 4, 55),
    (365, 1, 4, 156),
    (368, 3, 5, 23),
    (369, 3, 2, 190),
    (372, 2, 3, 113),
    (378, 3, 4, 153),
    (380, 1, 4, 122),
    (383, 2, 2, 181),
    (386, 3, 3, 23),
    (389, 2, 1, 67),
    (396, 1, 4, 85),
    (398, 1, 1, 202),
    (399, 1, 1, 172),
    (400, 2, 4, 26),
    (401, 3, 3, 23),
    (402, 3, 5, 55),
    (404, 1, 4, 26),
    (405, 1, 5, 10),
    (407, 1, 4, 117),
    (413, 3, 3, 26),
    (416, 1, 2, 203),
    (418, 3, 4, 85),
    (419, 2, 2, 117),
    (421, 3, 3, 44),
    (423, 1, 2, 131),
    (425, 3, 2, 151),
    (426, 1, 5, 96),
    (427, 2, 3, 46),
    (428, 2, 3, 110),
    (429, 1, 5, 170),
    (434, 1, 4, 59),
    (435, 2, 5, 85),
    (438, 3, 1, 203),
    (441, 3, 2, 151),
    (442, 2, 4, 9),
    (443, 2, 3, 18),
    (444, 1, 3, 188),
    (448, 3, 3, 135),
    (449, 2, 1, 79),
    (452, 1, 3, 55),
    (455, 3, 5, 190),
    (456, 1, 1, 181),
    (458, 3, 5, 203),
    (459, 2, 2, 37),
    (461, 3, 2, 93),
    (464, 1, 3, 203),
    (465, 3, 5, 55),
    (468, 2, 5, 125),
    (470, 2, 5, 181),
    (471, 1, 1, 203),
    (472, 3, 2, 132),
    (475, 1, 4, 22),
    (478, 2, 3, 172),
    (479, 2, 5, 113),
    (480, 2, 3, 171),
    (481, 2, 1, 135),
    (482, 3, 2, 23),
    (483, 3, 3, 113),
    (486, 3, 3, 79),
    (487, 2, 1, 151),
    (488, 3, 1, 37),
    (489, 3, 4, 79),
    (490, 1, 1, 151),
    (499, 3, 2, 6),
    (506, 2, 5, 95),
    (508, 2, 4, 122),
    (511, 2, 4, 23),
    (512, 3, 1, 146),
    (515, 2, 5, 156),
    (516, 2, 4, 23),
    (520, 3, 1, 108),
    (521, 1, 5, 10),
    (523, 2, 5, 127),
    (524, 1, 2, 151),
    (525, 2, 3, 40),
    (526, 3, 1, 46),
    (529, 1, 4, 117),
    (530, 1, 5, 94),
    (534, 3, 2, 95),
    (535, 1, 3, 110),
    (537, 1, 5, 113),
    (540, 2, 3, 190),
    (543, 2, 2, 69),
    (544, 3, 1, 94),
    (545, 2, 2, 55),
    (547, 2, 4, 151),
    (550, 1, 4, 110),
    (551, 1, 1, 182),
    (552, 2, 3, 46),
    (557, 2, 5, 202),
    (558, 2, 5, 85),
    (559, 1, 5, 79),
    (560, 3, 2, 46),
    (562, 1, 3, 23),
    (563, 2, 2, 151),
    (564, 3, 3, 93),
    (565, 1, 1, 2),
    (566, 3, 3, 111),
    (567, 2, 5, 79),
    (568, 3, 5, 59),
    (570, 2, 1, 110),
    (572, 3, 5, 125),
    (573, 3, 3, 46),
    (578, 3, 2, 202),
    (579, 3, 2, 147),
    (582, 1, 3, 23),
    (588, 1, 3, 79),
    (590, 3, 3, 121),
    (591, 1, 3, 117),
    (593, 3, 5, 95),
    (596, 1, 2, 148),
    (597, 3, 4, 111),
    (598, 3, 1, 205),
    (599, 1, 3, 170),
    (601, 3, 2, 117),
    (602, 1, 1, 22),
    (603, 2, 1, 131),
    (604, 3, 5, 131),
    (606, 1, 3, 111),
    (607, 1, 5, 151),
    (608, 2, 2, 117),
    (609, 1, 2, 148),
    (611, 1, 4, 201);
END $$
DELIMITER ;


DELIMITER $$
CREATE OR REPLACE PROCEDURE GeneratePhoneNumberTableData()
BEGIN
INSERT INTO phone_number
    (phone_id, phone_number, customer_id)
VALUES
    (1, 3745636, 1),
    (2, 9598920, 2),
    (3, 5233432, 3),
    (4, 7506649, 4),
    (5, 8841805, 5),
    (6, 7753499, 6),
    (7, 8978602, 7),
    (8, 6454398, 8),
    (9, 4499350, 9),
    (10, 9088335, 10),
    (11, 5262281, 11),
    (12, 9910524, 12),
    (13, 5235179, 13),
    (14, 5406629, 14),
    (15, 4915254, 15),
    (16, 4465402, 16),
    (17, 8972292, 17),
    (18, 9535410, 18),
    (19, 5176756, 19),
    (20, 6847082, 20),
    (21, 3384545, 21),
    (22, 8151604, 22),
    (23, 7800239, 23),
    (24, 8170518, 24),
    (25, 3964342, 25),
    (26, 6208287, 26),
    (27, 8151618, 27),
    (28, 7649789, 28),
    (29, 5585182, 29),
    (30, 6036782, 30),
    (31, 5877304, 31),
    (32, 2580727, 32),
    (33, 5521461, 33),
    (34, 6232453, 34),
    (35, 5119321, 35),
    (36, 6688806, 36),
    (37, 2441010, 37),
    (38, 9555805, 38),
    (39, 7882570, 39),
    (40, 4104055, 40),
    (41, 8080053, 41),
    (42, 7486230, 42),
    (43, 9604292, 43),
    (44, 9583444, 44),
    (45, 8783484, 45),
    (46, 4953835, 46),
    (47, 2361313, 47),
    (48, 3002231, 48),
    (49, 9246234, 49),
    (50, 6689006, 50),
    (51, 6195076, 51),
    (52, 9864539, 52),
    (53, 2915808, 53),
    (54, 3959085, 54),
    (55, 9756068, 55),
    (56, 4562767, 56),
    (57, 7757173, 57),
    (58, 3505113, 58),
    (59, 3741430, 59),
    (60, 3111361, 60),
    (61, 2034067, 61),
    (62, 2029151, 62),
    (63, 9501046, 63),
    (64, 7332798, 64),
    (65, 6739790, 65),
    (66, 2311077, 66),
    (67, 4555084, 67),
    (68, 4444110, 68),
    (69, 6840054, 69),
    (70, 9057270, 70),
    (71, 2877576, 71),
    (72, 9974967, 72),
    (73, 9894619, 73),
    (74, 3259158, 74),
    (75, 2434032, 75),
    (76, 8392435, 76),
    (77, 5715933, 77),
    (78, 9483040, 78),
    (79, 5697577, 79),
    (80, 3802809, 80),
    (81, 9502735, 81),
    (82, 6821812, 82),
    (83, 2766463, 83),
    (84, 7473944, 84),
    (85, 3658797, 85),
    (86, 7489574, 86),
    (87, 2459929, 87),
    (88, 4943590, 88),
    (89, 9791035, 89),
    (90, 9553906, 90),
    (91, 9501960, 91),
    (92, 7576219, 92),
    (93, 5530189, 93),
    (94, 7429423, 94),
    (95, 4355789, 95),
    (96, 5438823, 96),
    (97, 8896323, 97),
    (98, 2159794, 98),
    (99, 9871263, 99),
    (100, 9936688, 100),
    (101, 5069443, 101),
    (102, 4059600, 102),
    (103, 4283629, 103),
    (104, 8957401, 104),
    (105, 9923208, 105),
    (106, 8183274, 106),
    (107, 2195377, 107),
    (108, 6215952, 108),
    (109, 9635669, 109),
    (110, 9866710, 110),
    (111, 6985629, 111),
    (112, 2262085, 112),
    (113, 9130007, 113),
    (114, 9021095, 114),
    (115, 2784851, 115),
    (116, 7474648, 116),
    (117, 2102447, 117),
    (118, 2068843, 118),
    (119, 7037313, 119),
    (120, 3117105, 120),
    (121, 3269790, 121),
    (122, 7527595, 122),
    (123, 3216369, 123),
    (124, 9768233, 124),
    (125, 4866012, 125),
    (126, 6700088, 126),
    (127, 8104443, 127),
    (128, 2278250, 128),
    (129, 7086017, 129),
    (130, 4774278, 130),
    (131, 6340865, 131),
    (132, 3209070, 132),
    (133, 3185022, 133),
    (134, 4287460, 134),
    (135, 8894731, 135),
    (136, 6382044, 136),
    (137, 3520136, 137),
    (138, 2825114, 138),
    (139, 4148729, 139),
    (140, 6938597, 140),
    (141, 2782074, 141),
    (142, 2452379, 142),
    (143, 2587368, 143),
    (144, 3245659, 144),
    (145, 2292285, 145),
    (146, 2105849, 146),
    (147, 8334669, 147),
    (148, 7309594, 148),
    (149, 5706414, 149),
    (150, 9293515, 150),
    (151, 5804681, 151),
    (152, 4702175, 152),
    (153, 9224100, 153),
    (154, 9416920, 154),
    (155, 7202273, 155),
    (156, 8654714, 156),
    (157, 3467435, 157),
    (158, 5646149, 158),
    (159, 9099585, 159),
    (160, 4627668, 160),
    (161, 5820479, 161),
    (162, 4348362, 162),
    (163, 7100552, 163),
    (164, 2933242, 164),
    (165, 3387877, 165),
    (166, 6458016, 166),
    (167, 4667128, 167),
    (168, 4918578, 168),
    (169, 6209563, 169),
    (170, 2357365, 170),
    (171, 9243010, 171),
    (172, 9946701, 172),
    (173, 3385762, 173),
    (174, 6403450, 174),
    (175, 4600222, 175),
    (176, 8582018, 176),
    (177, 4032990, 177),
    (178, 6635804, 178),
    (179, 4621962, 179),
    (180, 9832468, 180),
    (181, 9654285, 181),
    (182, 8807393, 182),
    (183, 7127430, 183),
    (184, 8504478, 184),
    (185, 2341217, 185),
    (186, 6137865, 186),
    (187, 4342123, 187),
    (188, 6822101, 188),
    (189, 3833496, 189),
    (190, 8347167, 190),
    (191, 3655467, 191),
    (192, 8647929, 192),
    (193, 2581288, 193),
    (194, 9657749, 194),
    (195, 9123067, 195),
    (196, 2697911, 196),
    (197, 7296773, 197),
    (198, 3897014, 198),
    (199, 9205297, 199),
    (200, 8810668, 200),
    (201, 6355924, 201),
    (202, 3236267, 202),
    (203, 9343341, 203),
    (204, 7420779, 204),
    (205, 2308132, 205),
    (206, 2994232, 206),
    (207, 9867900, 207),
    (208, 7065519, 208),
    (209, 3242343, 209),
    (210, 4560192, 210),
    (211, 8900102, 211),
    (212, 7334253, 212),
    (213, 7549073, 213),
    (214, 8570030, 214),
    (215, 5726121, 215),
    (216, 7769506, 216),
    (217, 7533030, 217),
    (218, 2355323, 218),
    (219, 7545758, 219),
    (220, 9131590, 220),
    (221, 3973064, 221),
    (222, 4592130, 222),
    (223, 4405746, 223),
    (224, 4665349, 224),
    (225, 4285959, 225),
    (226, 8850271, 226),
    (227, 7079563, 227),
    (228, 3606036, 228),
    (229, 6201080, 229),
    (230, 2214381, 230),
    (231, 2302384, 231),
    (232, 9934613, 232),
    (233, 8628627, 233),
    (234, 9049742, 234),
    (235, 9814234, 235),
    (236, 7588009, 236),
    (237, 8699469, 237),
    (238, 8424952, 238),
    (239, 6981713, 239),
    (240, 8846584, 240),
    (241, 8854403, 241),
    (242, 2947280, 242),
    (243, 7098350, 243),
    (244, 7826331, 244),
    (245, 5074125, 245),
    (246, 6550214, 246),
    (247, 3204542, 247),
    (248, 4623633, 248),
    (249, 2836009, 249),
    (250, 2882399, 250),
    (251, 6232862, 251),
    (252, 6265249, 252),
    (253, 4790631, 253),
    (254, 8276779, 254),
    (255, 4922488, 255),
    (256, 4571341, 256),
    (257, 7801918, 257),
    (258, 4438370, 258),
    (259, 4582236, 259),
    (260, 6226448, 260),
    (261, 7899448, 261),
    (262, 2733989, 262),
    (263, 4789952, 263),
    (264, 4960724, 264),
    (265, 9250506, 265),
    (266, 7269632, 266),
    (267, 4688876, 267),
    (268, 8281491, 268),
    (269, 4309932, 269),
    (270, 6209247, 270),
    (271, 5405503, 271),
    (272, 9938395, 272),
    (273, 7984006, 273),
    (274, 3865734, 274),
    (275, 7650300, 275),
    (276, 3597647, 276),
    (277, 5836181, 277),
    (278, 2342168, 278),
    (279, 2460533, 279),
    (280, 4435635, 280),
    (281, 6143379, 281),
    (282, 2211802, 282),
    (283, 5458332, 283),
    (284, 9216238, 284),
    (285, 2756780, 285),
    (286, 2165172, 286),
    (287, 4024185, 287),
    (288, 7836796, 288),
    (289, 7630935, 289),
    (290, 5386214, 290),
    (291, 9402088, 291),
    (292, 8927148, 292),
    (293, 7186914, 293),
    (294, 4884790, 294),
    (295, 6242459, 295),
    (296, 6151180, 296),
    (297, 3618749, 297),
    (298, 9694190, 298),
    (299, 3662178, 299),
    (300, 4078942, 300),
    (301, 7563797, 301),
    (302, 7575861, 302),
    (303, 2959387, 303),
    (304, 4355257, 304),
    (305, 4198332, 305),
    (306, 3325677, 306),
    (307, 2681966, 307),
    (308, 4415923, 308),
    (309, 2360286, 309),
    (310, 8813058, 310),
    (311, 4530950, 311),
    (312, 7780353, 312),
    (313, 7194206, 313),
    (314, 4162993, 314),
    (315, 9036674, 315),
    (316, 6958794, 316),
    (317, 6511014, 317),
    (318, 3479961, 318),
    (319, 4049569, 319),
    (320, 4217699, 320),
    (321, 6773284, 321),
    (322, 2262487, 322),
    (323, 9556644, 323),
    (324, 2253266, 324),
    (325, 5119275, 325),
    (326, 6295496, 326),
    (327, 2929404, 327),
    (328, 3846800, 328),
    (329, 2591164, 329),
    (330, 6466586, 330),
    (331, 5563983, 331),
    (332, 8956662, 332),
    (333, 9866361, 333),
    (334, 6076209, 334),
    (335, 8931706, 335),
    (336, 8062025, 336),
    (337, 9715819, 337),
    (338, 5891162, 338),
    (339, 9809159, 339),
    (340, 6329825, 340),
    (341, 7185398, 341),
    (342, 9685665, 342),
    (343, 6511788, 343),
    (344, 5391652, 344),
    (345, 2385783, 345),
    (346, 9249619, 346),
    (347, 4963535, 347),
    (348, 6075935, 348),
    (349, 2623859, 349),
    (350, 2067318, 350),
    (351, 3207659, 351),
    (352, 8078243, 352),
    (353, 8171384, 353),
    (354, 8519810, 354),
    (355, 9893473, 355),
    (356, 2320853, 356),
    (357, 4742693, 357),
    (358, 9848290, 358),
    (359, 8388826, 359),
    (360, 6066740, 360),
    (361, 9529195, 361),
    (362, 3603600, 362),
    (363, 2103500, 363),
    (364, 7094968, 364),
    (365, 5259543, 365),
    (366, 5658450, 366),
    (367, 2197956, 367),
    (368, 7806944, 368),
    (369, 9331717, 369),
    (370, 8317482, 370),
    (371, 4791276, 371),
    (372, 7053148, 372),
    (373, 8381088, 373),
    (374, 2009888, 374),
    (375, 7359395, 375),
    (376, 4000874, 376),
    (377, 7161933, 377),
    (378, 7669129, 378),
    (379, 8735823, 379),
    (380, 3308921, 380),
    (381, 2896353, 381),
    (382, 2198164, 382),
    (383, 2163187, 383),
    (384, 5715358, 384),
    (385, 5188071, 385),
    (386, 7692948, 386),
    (387, 5776679, 387),
    (388, 8365063, 388),
    (389, 5396978, 389),
    (390, 6468680, 390),
    (391, 3675033, 391),
    (392, 3845068, 392),
    (393, 4214925, 393),
    (394, 6888860, 394),
    (395, 7636111, 395),
    (396, 6216057, 396),
    (397, 6436443, 397),
    (398, 2399314, 398),
    (399, 8941366, 399),
    (400, 7381742, 400),
    (401, 2724882, 279),
    (402, 8551805, 362),
    (403, 6912382, 289),
    (404, 8563553, 348),
    (405, 2235903, 246),
    (406, 5721874, 319),
    (407, 3092174, 27),
    (408, 7502229, 376),
    (409, 2060324, 202),
    (410, 8484098, 12),
    (411, 4547714, 52),
    (412, 6047783, 197),
    (413, 7127248, 399),
    (414, 2282443, 95),
    (415, 8798223, 392),
    (416, 8659288, 240),
    (417, 3765666, 249),
    (418, 2740280, 190),
    (419, 2977948, 7),
    (420, 7040032, 192),
    (421, 3310111, 177),
    (422, 7302391, 384),
    (423, 4816973, 380),
    (424, 5062558, 313),
    (425, 6247600, 90),
    (426, 9475595, 395),
    (427, 6389738, 313),
    (428, 5529769, 339),
    (429, 6002129, 174),
    (430, 9186174, 390),
    (431, 8368337, 318),
    (432, 2965454, 202),
    (433, 3403373, 125),
    (434, 3640629, 32),
    (435, 7128437, 184),
    (436, 3809284, 196),
    (437, 2964480, 95),
    (438, 4557084, 319),
    (439, 4263788, 325),
    (440, 4212499, 60),
    (441, 3542019, 293),
    (442, 9850643, 184),
    (443, 3027819, 211),
    (444, 2611429, 20),
    (445, 3634353, 59),
    (446, 7656148, 80),
    (447, 9075473, 173),
    (448, 6587646, 76),
    (449, 7901782, 289),
    (450, 4757933, 249),
    (451, 6630269, 312),
    (452, 8460733, 220),
    (453, 7284889, 307),
    (454, 5300800, 133),
    (455, 2171860, 75),
    (456, 6330523, 171),
    (457, 9327321, 186),
    (458, 9262505, 234),
    (459, 6542030, 193),
    (460, 9753352, 279),
    (461, 3281582, 214),
    (462, 3357390, 56),
    (463, 3549052, 173),
    (464, 5787142, 344),
    (465, 9200757, 254),
    (466, 6125124, 336),
    (467, 8615604, 220),
    (468, 6374515, 264),
    (469, 6697590, 39),
    (470, 4704608, 373),
    (471, 2209877, 205),
    (472, 3885321, 61),
    (473, 2217265, 116),
    (474, 6488887, 279),
    (475, 3722104, 304),
    (476, 5964816, 313),
    (477, 3805701, 314),
    (478, 4527459, 43),
    (479, 5321766, 66),
    (480, 4487031, 160),
    (481, 3805771, 256),
    (482, 8156141, 398),
    (483, 9819753, 14),
    (484, 5312476, 349),
    (485, 3676339, 91),
    (486, 3984597, 322),
    (487, 8995112, 255),
    (488, 8707114, 283),
    (489, 3846285, 268),
    (490, 8371991, 362),
    (491, 5992054, 336),
    (492, 5070271, 26),
    (493, 9226613, 171),
    (494, 6557479, 359),
    (495, 7049177, 103),
    (496, 9908062, 225),
    (497, 4961902, 1),
    (498, 9300037, 47),
    (499, 3189256, 215),
    (500, 7532116, 128),
    (501, 8710244, 321),
    (502, 7965696, 179),
    (503, 9461055, 325),
    (504, 8171196, 1),
    (505, 7125006, 17),
    (506, 8692091, 49),
    (507, 8902343, 147),
    (508, 5036673, 198),
    (509, 9216076, 68),
    (510, 8837824, 316),
    (511, 6456759, 230),
    (512, 7175191, 114),
    (513, 5339045, 242),
    (514, 3698783, 138),
    (515, 8316627, 283),
    (516, 7150420, 214),
    (517, 3389741, 127),
    (518, 5578078, 374),
    (519, 8125325, 302),
    (520, 5585259, 64),
    (521, 9959812, 313),
    (522, 3063758, 377),
    (523, 4903916, 364),
    (524, 9476333, 199),
    (525, 2385867, 57),
    (526, 3302161, 178),
    (527, 9569331, 252),
    (528, 6953764, 256),
    (529, 6084432, 194),
    (530, 3056335, 1),
    (531, 2822458, 262),
    (532, 8739939, 233),
    (533, 6597155, 243),
    (534, 2609230, 261),
    (535, 8138819, 281),
    (536, 9442645, 302),
    (537, 8481026, 24),
    (538, 7538145, 282),
    (539, 3822252, 165),
    (540, 5229637, 101),
    (541, 9910986, 64),
    (542, 4953294, 265),
    (543, 4825985, 346),
    (544, 6352487, 169),
    (545, 8297919, 113),
    (546, 2115924, 101),
    (547, 3789562, 59),
    (548, 9878517, 25),
    (549, 3713462, 30),
    (550, 7553315, 383),
    (551, 9483713, 331),
    (552, 7110681, 168),
    (553, 6697042, 25),
    (554, 3749788, 101),
    (555, 4303502, 246),
    (556, 8359391, 136),
    (557, 9242119, 241),
    (558, 7475237, 41),
    (559, 8449946, 211),
    (560, 8802832, 390),
    (561, 2083196, 251),
    (562, 8322747, 294),
    (563, 7061553, 74),
    (564, 8423181, 104),
    (565, 8759797, 293),
    (566, 8489682, 333),
    (567, 2484154, 51),
    (568, 5768906, 121),
    (569, 5248202, 398),
    (570, 3428477, 366),
    (571, 7054272, 41),
    (572, 6221773, 221),
    (573, 7653872, 9),
    (574, 5297333, 229),
    (575, 4377972, 92),
    (576, 6432892, 246),
    (577, 4555120, 325),
    (578, 5608357, 126),
    (579, 3083002, 60),
    (580, 4903563, 323),
    (581, 9117062, 59),
    (582, 4272768, 292),
    (583, 6831839, 225),
    (584, 8915601, 29),
    (585, 5778013, 345),
    (586, 5508268, 2),
    (587, 2307866, 30),
    (588, 5751949, 181),
    (589, 9079211, 293),
    (590, 9357326, 129),
    (591, 8249602, 339),
    (592, 4596202, 337),
    (593, 2315376, 139),
    (594, 8917671, 325),
    (595, 3589254, 100),
    (596, 6126645, 323),
    (597, 5546095, 213),
    (598, 2106893, 213),
    (599, 4326348, 275),
    (600, 6050769, 11),
    (601, 7515301, 92),
    (602, 2871226, 61),
    (603, 5891574, 292),
    (604, 9264274, 287),
    (605, 8389998, 384),
    (606, 7089450, 318),
    (607, 3119867, 320),
    (608, 3242082, 254),
    (609, 5950717, 95),
    (610, 5629519, 394),
    (611, 2042056, 120),
    (612, 7211681, 89),
    (613, 3573670, 256),
    (614, 5595313, 237),
    (615, 6836694, 62),
    (616, 8876565, 7),
    (617, 8924652, 339),
    (618, 4817638, 158),
    (619, 3447831, 307),
    (620, 3365823, 67),
    (621, 2475336, 158),
    (622, 4124161, 124),
    (623, 8677877, 210),
    (624, 7966249, 376),
    (625, 5435372, 342),
    (626, 8981905, 233),
    (627, 6400984, 320),
    (628, 9287762, 256),
    (629, 7084945, 202),
    (630, 2520482, 394),
    (631, 9991498, 219),
    (632, 9777668, 6),
    (633, 5589541, 283),
    (634, 9401508, 366),
    (635, 4782001, 29),
    (636, 2098658, 275),
    (637, 5189437, 139),
    (638, 3340579, 20),
    (639, 3967264, 163),
    (640, 6925179, 240),
    (641, 6903812, 50),
    (642, 7076350, 118),
    (643, 9209914, 356),
    (644, 5392114, 374),
    (645, 4037592, 282),
    (646, 2289977, 275),
    (647, 2396134, 240),
    (648, 7416872, 73),
    (649, 8995044, 126),
    (650, 8868083, 27),
    (651, 5607036, 316),
    (652, 9796058, 25),
    (653, 7816661, 70),
    (654, 2495804, 386),
    (655, 9298452, 174),
    (656, 2450462, 352),
    (657, 9363794, 190),
    (658, 7321638, 295),
    (659, 6888864, 244),
    (660, 2317299, 296),
    (661, 5726502, 305),
    (662, 4623484, 367),
    (663, 7009144, 326),
    (664, 7774353, 305),
    (665, 5239018, 324),
    (666, 3955527, 119),
    (667, 5678895, 251),
    (668, 2885071, 266),
    (669, 9251848, 40),
    (670, 5667618, 329),
    (671, 6796239, 119),
    (672, 9090680, 134),
    (673, 9922083, 349),
    (674, 8058428, 376),
    (675, 6130568, 1),
    (676, 8188423, 308),
    (677, 2032908, 324),
    (678, 6767480, 34),
    (679, 9453334, 385),
    (680, 8920160, 121),
    (681, 8750086, 106),
    (682, 3343642, 327),
    (683, 9211220, 366),
    (684, 5049070, 227),
    (685, 2354117, 93),
    (686, 7874112, 243),
    (687, 3875287, 295),
    (688, 8102952, 373),
    (689, 2044020, 268),
    (690, 8806383, 312),
    (691, 4683987, 212),
    (692, 3102810, 25),
    (693, 7183764, 170),
    (694, 7350258, 280),
    (695, 4497459, 214),
    (696, 3342626, 229),
    (697, 8639036, 336),
    (698, 6748683, 61),
    (699, 5733886, 301),
    (700, 3376244, 159),
    (701, 6610148, 290),
    (702, 9099646, 335),
    (703, 8914233, 88),
    (704, 8087427, 219),
    (705, 9481145, 223),
    (706, 4737585, 305),
    (707, 8311762, 333),
    (708, 6114820, 96),
    (709, 9680261, 381),
    (710, 7411675, 161),
    (711, 5049442, 117),
    (712, 3502659, 127),
    (713, 9482729, 17),
    (714, 2983883, 142),
    (715, 7242031, 20),
    (716, 9656916, 117),
    (717, 3106839, 230),
    (718, 6067901, 230),
    (719, 4354895, 178),
    (720, 3562714, 9),
    (721, 3511710, 130),
    (722, 7083547, 236),
    (723, 7368328, 293),
    (724, 5567263, 5),
    (725, 3070426, 277),
    (726, 9509258, 351),
    (727, 3230917, 22),
    (728, 9171042, 199),
    (729, 4964964, 150),
    (730, 6132001, 203),
    (731, 7354414, 273),
    (732, 2795298, 277),
    (733, 3388298, 93),
    (734, 2891561, 399),
    (735, 9369626, 10),
    (736, 6248341, 364),
    (737, 5496107, 90),
    (738, 2592649, 182),
    (739, 4635734, 249),
    (740, 9571800, 330),
    (741, 5710895, 38),
    (742, 3632292, 160),
    (743, 6783184, 230),
    (744, 2136087, 334),
    (745, 4661169, 215),
    (746, 5500089, 400),
    (747, 4080871, 284),
    (748, 2920885, 56),
    (749, 9287927, 266),
    (750, 8152663, 84),
    (751, 6160820, 19),
    (752, 8209292, 69),
    (753, 3900459, 398),
    (754, 3305393, 375),
    (755, 8213430, 96),
    (756, 2608119, 112),
    (757, 4861762, 22),
    (758, 8403945, 52),
    (759, 6090513, 215),
    (760, 9996031, 229),
    (761, 3865631, 120),
    (762, 6924844, 246),
    (763, 4658568, 197),
    (764, 5545612, 141),
    (765, 9500831, 184),
    (766, 6827862, 295),
    (767, 7272924, 284),
    (768, 6328105, 258),
    (769, 5071392, 134),
    (770, 2806396, 325),
    (771, 8657089, 393),
    (772, 8611584, 298),
    (773, 9928095, 55),
    (774, 9549191, 168),
    (775, 2420498, 37),
    (776, 9041113, 367),
    (777, 2712996, 50),
    (778, 6953864, 328),
    (779, 5228954, 134),
    (780, 9147178, 61),
    (781, 9616691, 44),
    (782, 5993613, 61),
    (783, 9946672, 312),
    (784, 5965568, 265),
    (785, 3509776, 172),
    (786, 6724287, 251),
    (787, 7127287, 88),
    (788, 6445264, 389),
    (789, 2872161, 36),
    (790, 5266903, 395),
    (791, 4708081, 86),
    (792, 5064853, 156),
    (793, 5186705, 253),
    (794, 6093430, 133),
    (795, 4308819, 243),
    (796, 8855294, 388),
    (797, 4702981, 395),
    (798, 9664278, 99),
    (799, 8301447, 9),
    (800, 8488262, 20);
END $$
DELIMITER ;


DELIMITER $$
CREATE OR REPLACE PROCEDURE GenerateSalesOrderTableData()
BEGIN
INSERT INTO sales_order
    (order_id, date_submitted, event_date, customer_id, billing_address_id, event_address_id)
VALUES
    (2, '2020-1-30 16:19:9', '2020-2-3 17:33:53', 17, 1402, 990),
    (3, '2020-1-10 16:51:35', '2020-1-15 10:56:13', 158, 1216, 1212),
    (6, '2020-11-25 10:29:35', '2020-11-29 17:3:19', 197, 1503, 385),
    (8, '2020-9-11 16:24:19', '2020-9-15 10:57:53', 345, 660, 1143),
    (9, '2020-10-21 17:49:40', '2020-10-25 11:31:4', 176, 338, 338),
    (10, '2020-8-31 15:10:29', '2020-9-4 15:51:34', 249, 1453, 1453),
    (13, '2020-9-9 13:49:9', '2020-9-14 14:51:23', 114, 1006, 1006),
    (18, '2020-7-27 14:26:33', '2020-8-1 15:8:17', 249, 804, 1453),
    (20, '2020-6-13 10:25:43', '2020-6-18 15:24:24', 373, 1348, 720),
    (22, '2020-11-15 12:37:33', '2020-11-20 17:37:2', 336, 1363, 1363),
    (23, '2020-2-13 10:21:42', '2020-2-17 17:53:25', 76, 881, 146),
    (24, '2020-5-14 13:12:54', '2020-5-18 13:31:47', 227, 442, 1336),
    (25, '2020-5-6 12:2:0', '2020-5-11 13:18:21', 163, 1245, 1245),
    (26, '2020-1-27 15:44:33', '2020-1-31 10:47:50', 64, 1015, 1049),
    (27, '2020-9-27 15:17:6', '2020-10-2 15:58:57', 152, 291, 291),
    (29, '2020-5-23 14:24:32', '2020-5-27 17:54:42', 251, 1301, 486),
    (32, '2020-5-10 17:53:28', '2020-5-15 12:33:21', 327, 1331, 629),
    (34, '2020-10-11 15:53:12', '2020-10-15 17:7:49', 380, 731, 731),
    (36, '2020-9-14 12:18:15', '2020-9-18 11:5:28', 197, 788, 788),
    (37, '2020-11-10 16:36:25', '2020-11-15 13:8:20', 53, 110, 110),
    (40, '2020-7-29 14:3:38', '2020-8-3 14:43:43', 322, 613, 613),
    (43, '2020-2-10 16:9:21', '2020-2-15 11:2:16', 228, 443, 443),
    (44, '2020-9-4 17:14:22', '2020-9-8 12:51:10', 37, 77, 77),
    (46, '2020-3-23 13:1:19', '2020-3-27 15:39:48', 193, 900, 900),
    (47, '2020-11-15 15:19:46', '2020-11-20 17:50:14', 348, 664, 664),
    (48, '2020-6-9 13:42:32', '2020-6-13 11:1:34', 119, 231, 1300),
    (53, '2020-6-26 11:41:40', '2020-7-1 13:27:17', 37, 1532, 77),
    (54, '2020-8-4 11:32:41', '2020-8-8 14:3:7', 88, 169, 1552),
    (55, '2020-10-31 13:42:8', '2020-11-5 10:59:27', 57, 1029, 1029),
    (57, '2020-5-18 12:9:32', '2020-5-22 10:44:10', 86, 166, 166),
    (59, '2020-9-19 17:44:21', '2020-9-24 16:9:53', 159, 1368, 1368),
    (61, '2020-6-1 12:10:25', '2020-6-6 15:51:19', 296, 559, 1288),
    (64, '2020-1-25 16:26:41', '2020-1-30 14:23:6', 317, 602, 602),
    (67, '2020-3-5 12:36:4', '2020-3-9 10:26:49', 126, 249, 249),
    (69, '2020-9-26 15:5:58', '2020-9-30 16:32:2', 176, 338, 338),
    (70, '2020-2-5 11:41:29', '2020-2-9 16:28:9', 75, 143, 143),
    (72, '2020-2-12 12:19:0', '2020-2-16 16:7:46', 158, 1212, 301),
    (73, '2020-8-14 11:21:13', '2020-8-19 10:49:56', 87, 168, 168),
    (79, '2020-6-24 15:51:25', '2020-6-29 15:29:26', 367, 707, 707),
    (80, '2020-8-29 12:56:9', '2020-9-2 13:43:48', 12, 28, 28),
    (81, '2020-3-9 12:14:8', '2020-3-13 12:52:53', 283, 538, 1009),
    (85, '2020-4-28 14:13:13', '2020-5-3 13:15:15', 362, 775, 775),
    (86, '2020-6-11 12:41:21', '2020-6-15 17:50:25', 330, 1454, 632),
    (88, '2020-10-18 15:38:56', '2020-10-23 10:34:34', 47, 95, 977),
    (89, '2020-9-20 14:59:0', '2020-9-25 14:56:9', 240, 802, 802),
    (91, '2020-5-6 15:12:14', '2020-5-10 14:35:5', 57, 1029, 116),
    (93, '2020-9-6 15:52:14', '2020-9-10 13:56:16', 273, 1439, 1439),
    (94, '2020-8-16 11:23:58', '2020-8-21 12:7:55', 23, 47, 47),
    (95, '2020-6-6 17:59:51', '2020-6-11 12:17:42', 215, 421, 1494),
    (96, '2020-1-11 16:46:54', '2020-1-16 15:12:24', 313, 932, 932),
    (97, '2020-11-14 15:21:10', '2020-11-18 10:34:59', 25, 1072, 1072),
    (98, '2020-9-30 11:23:14', '2020-10-4 16:19:17', 126, 1267, 1267),
    (103, '2020-9-4 10:15:57', '2020-9-8 13:37:23', 337, 1159, 1159),
    (108, '2020-2-3 17:16:15', '2020-2-7 17:33:22', 79, 152, 152),
    (110, '2020-10-22 12:10:58', '2020-10-27 13:20:35', 62, 1199, 123),
    (111, '2020-7-14 13:49:54', '2020-7-19 17:33:14', 90, 823, 171),
    (113, '2020-7-28 15:18:22', '2020-8-2 13:37:16', 41, 1102, 1102),
    (115, '2020-4-12 13:49:15', '2020-4-16 13:48:4', 325, 1161, 620),
    (117, '2020-10-6 12:30:31', '2020-10-10 16:55:6', 282, 1258, 537),
    (118, '2020-7-9 14:53:11', '2020-7-13 15:51:47', 247, 482, 482),
    (119, '2020-11-24 12:18:59', '2020-11-29 14:41:16', 55, 113, 113),
    (121, '2020-9-5 14:42:44', '2020-9-10 14:39:6', 328, 1536, 630),
    (122, '2020-10-15 10:8:55', '2020-10-20 16:23:57', 12, 786, 786),
    (125, '2020-4-28 17:19:17', '2020-5-3 13:14:32', 101, 1060, 1076),
    (126, '2020-8-5 11:57:51', '2020-8-9 11:28:44', 104, 1093, 1093),
    (127, '2020-8-14 15:42:22', '2020-8-19 10:36:27', 168, 1068, 1531),
    (128, '2020-11-22 16:5:45', '2020-11-26 11:1:26', 102, 200, 200),
    (131, '2020-11-26 13:10:6', '2020-11-30 15:46:42', 270, 516, 516),
    (132, '2020-2-2 13:57:36', '2020-2-6 14:2:44', 44, 1540, 89),
    (135, '2020-4-21 13:40:14', '2020-4-26 17:44:59', 100, 192, 192),
    (142, '2020-5-5 10:2:21', '2020-5-9 15:41:22', 50, 103, 1534),
    (146, '2020-6-22 15:19:54', '2020-6-26 15:1:58', 70, 1274, 1274),
    (147, '2020-1-27 10:39:38', '2020-2-1 12:12:49', 173, 335, 879),
    (148, '2020-1-14 10:59:59', '2020-1-18 15:44:28', 199, 394, 394),
    (150, '2020-5-18 16:7:15', '2020-5-22 14:16:44', 33, 66, 66),
    (151, '2020-2-22 11:0:13', '2020-2-26 14:49:48', 101, 198, 1076),
    (153, '2020-10-23 10:26:45', '2020-10-27 12:27:6', 233, 1226, 1038),
    (154, '2020-3-27 13:24:25', '2020-4-1 14:27:30', 204, 401, 401),
    (156, '2020-4-15 13:57:26', '2020-4-20 14:21:36', 241, 1081, 471),
    (157, '2020-11-25 11:1:8', '2020-11-30 13:49:28', 120, 1194, 1499),
    (158, '2020-7-7 10:5:9', '2020-7-12 15:13:37', 283, 1236, 1009),
    (164, '2020-2-20 15:36:5', '2020-2-25 15:7:32', 246, 481, 1501),
    (170, '2020-11-9 13:48:14', '2020-11-13 11:17:24', 142, 276, 276),
    (171, '2020-12-7 17:48:53', '2020-12-12 10:30:21', 187, 361, 361),
    (172, '2020-1-30 17:56:6', '2020-2-4 11:5:11', 335, 637, 637),
    (175, '2020-8-8 14:18:32', '2020-8-12 16:16:40', 49, 991, 991),
    (177, '2020-7-16 12:52:44', '2020-7-20 11:18:51', 345, 660, 1143),
    (181, '2020-3-3 13:6:52', '2020-3-7 16:27:33', 3, 4, 4),
    (182, '2020-5-10 12:53:38', '2020-5-14 17:11:41', 109, 214, 214),
    (184, '2020-7-18 15:54:7', '2020-7-22 17:43:42', 117, 1408, 1400),
    (185, '2020-4-5 14:35:50', '2020-4-10 10:24:35', 284, 540, 1469),
    (188, '2020-11-24 11:59:24', '2020-11-29 14:44:3', 142, 276, 276),
    (189, '2020-5-6 10:17:11', '2020-5-10 16:12:45', 34, 72, 72),
    (190, '2020-10-24 11:21:55', '2020-10-29 12:47:5', 84, 160, 160),
    (192, '2020-1-23 12:35:27', '2020-1-27 13:0:8', 316, 601, 1000),
    (201, '2020-6-12 17:15:16', '2020-6-17 11:43:14', 212, 413, 1354),
    (202, '2020-4-21 13:49:46', '2020-4-26 10:4:58', 157, 299, 299),
    (203, '2020-6-13 11:8:57', '2020-6-17 11:2:3', 197, 1503, 1503),
    (204, '2020-5-9 11:27:54', '2020-5-13 10:43:48', 307, 891, 583),
    (205, '2020-10-18 14:52:17', '2020-10-22 14:3:56', 160, 940, 306);
END $$
DELIMITER ;


